id,tipo,nome,texto
CNCT_0,CNCT,Técnico em Agente Comunitário de Saúde,técnico agente comunitário saúde técnico agente comunitário saúde habilitar orientar acompanhar sob supervisão profissional nível alto indivíduo família população território levar conta interação processo saúdedoença território identificar atuar múltiplo determinante condicionante processo saúde doença promoção saúde redução risco saúde individual coletividade realizar mapeamento cadastramento dado social demográfico saúde contribuir produção informação construção revisão contínuo plano ação saúde território desenvolver atividade nortear diretriz princípio estrutura organizacional sus bem partir referencial ético político educação popular saúde promover comunicação equipe multidisciplinar equipe saúde família unidade saúde autoridade comunidade promover mobilização comunitário ação educativo incentivar atividade comunitário promover integração equipe saúde comunidade promover ação área vigilância saúde ambiental acompanhar orientar meio visita domiciliar estabelecir planejamento equipe pessoa situação vulnerabilidade social portadora doença crônico agravo necessitar grande número visita estimular autocuidado prevenção exposição fator risco realizar procedimento específico caso indicar equipe encaminhar necessário unidade saúde referência atuação técnico agente comunitário saúde fundamental conhecimento política público saúde compreensão atuação profissional frente diretriz princípio estrutura organizacional sistema único saúde sus conhecimento referente âmbito promoção saúde prevenção agravo frequente atenção primário dirigir indivíduo famílio comunidade população conhecimento referente educação popular saúde promoção saúde indivíduo diferente ciclo vida família comunidade atributo derivar atenção primário saúde conhecimento relativo âmbito promoção prevenção monitoramento situação risco âmbito vigilância saúde conhecimento referente trabalho equipe interdisciplinar comunicação saúde registro informação saúde conhecimento saber relacionar princípio técnica aplicar área sempre pautar postura humano ética atualização aperfeiçoamento profissional meio educação continuar conhecimento saber relacionar política inclusão atendimento educacional especializar local ambiente trabalho sistema único saúde sus sugestão qualificação profissional certificação intermediário curso técnico considerar ocupação prever cbo agente comunitário saúde sugestão formação continuar curso especialização técnico póstécnico especialização técnico epidemiologia estatístico saúde especialização técnico política público saúde família ênfase linha cuidado especialização técnico saúde família especialização técnico saúde idoso especialização técnico saúde maternoinfantil especialização técnico saúde mental especialização técnico vigilância saúde trabalhador especialização técnico vigilância saúde sugestão verticalização curso graduação curso alto tecnologia bacharelar licenciaturar bacharelar enfermagem bacharelar medicina bacharelar nutrição bacharelar psicologia bacharelar serviço social técnico agente comunitário saúde
CNCT_1,CNCT,Técnico em Análises Clínicas,técnico análises clínica técnico análises clínica habilitar executar sob supervisão profissional responsável nível superior processo operacional necessário diagnóstico laboratorial compreender fase préanalítico analítico setor parasitologia microbiologio imunologia hematologia bioquímico biologia molecular hormônios toxicologir líquido corporal operar aparato Tecnológico laboratório saúde equipamento analítico suporte atividade laboratorial participar campanha educativo incentivar atividade comunitário atenção primário promover integração equipe saúde comunidade recepcionar cadastrar cliente exame realizar processo coleta recepção preparação análise amostra colaborar ainda investigação implantação novo tecnologia biomédico trabalhar acordo norma biossegurança qualidade aplicar técnica adequado descarte resíduo serviço saúde proteger indivíduo meio ambiente atuação técnico análises clínica fundamental conhecimento política público saúde compreensão atuação profissional frente diretriz princípio estrutura organizacional sistema único saúde sus conhecimento saber relacionar princípio técnica aplicar área sempre pautar postura humano ética bioético capacidade raciocínio lógico coordenação motoro fino capacidade concentração bom acuidade percepção visual resolução situaçõesproblema comunicação trabalho equipe interdisciplinar tecnologia informação comunicação gestão conflito ética profissional organização responsabilidade iniciativa social determinação criatividade buscar promover humanização assistência atualização aperfeiçoamento profissional meio educação continuar local ambiente trabalho laboratório análises clínica diagnóstico médico hospital clínico unidade básico saúde ubs unidade pronto atendimento upa hemocentro laboratório veterinário laboratório toxicologia laboratório pesquisa biomédico laboratório ensino laboratório controle qualidade saúde laboratório microbiologia alimento sugestão qualificação profissional certificação intermediário curso técnico considerar ocupação prever cbo auxiliar laboratório saúde sugestão formação continuar curso especialização técnico póstécnico especialização técnico biologia molecular especialização técnico bioquímica especialização técnico imunohematologia especialização técnico líquido corporal especialização técnico microbiologia médico especialização técnico parasitologia sugestão verticalização curso graduação curso alto tecnologia bacharelar licenciaturar bacharelar biomedicina bacharelar ciência biológico bacharelar farmácia bacharelar bioquímica bacharelar biotecnologia técnico patologia clínico técnico laboratório análises clínica técnico laboratório patologia clínico técnico laboratório médico técnico análises clínica técnico patologia clínico
CNCT_2,CNCT,Técnico em Citopatologia,técnico citopatologir técnico citopatologia habilitar colaborar investigação implantação novo tecnologia executar sob supervisão profissional responsável nível superior atividade padronizar laboratório referente exame microscópico área técnico operar aparato Tecnológico laboratório saúde equipamento analítico suporte participar campanha educativo incentivar atividade comunitário atenção primário promover integração equipe saúde comunidade promover comunicação equipe responsável técnico realizar análise microscópico rastrear célula neoplásico amostra estabelecer relação alteração citológico histórico clínico paciente elaborar laudo técnico orientar diagnóstico responsável técnico receber preparar amostra análise citopatológico trabalhar acordo norma biossegurança qualidade aplicar técnica adequado descarte resíduo serviço saúde proteger indivíduo meio ambiente atuação técnico citopatologia fundamental conhecimento política público saúde compreensão atuação profissional frente diretriz princípio estrutura organizacional sistema único saúde sus conhecimento saber relacionar princípio técnica aplicar área sempre pautar postura humano ética bioético capacidade raciocínio lógico coordenação motoro fino capacidade concentração bom acuidade percepção visual resolução situaçõesproblema comunicação trabalho equipe interdisciplinar tecnologia informação comunicação gestão conflito ética profissional organização responsabilidade iniciativo social determinação criatividade buscar promover humanização assistência atualização aperfeiçoamento profissional meio educação continuar local ambiente trabalho clínica hospital laboratório citopatologia sugestão qualificação profissional certificação intermediário curso técnico considerar ocupação prever cbo auxiliar laboratório saúde sugestão formação continuar curso especialização técnico póstécnico especialização técnico biologia molecular aplicar citopatologia especialização técnico imunocitopatologia sugestão verticalização curso graduação curso alto tecnologia bacharelar licenciaturar bacharelar biomedicina bacharelar ciência biológico bacharelar farmácia citotécnico citotecnologista técnico citopatologia
CNCT_3,CNCT,Técnico em Cuidados de Idosos,técnico cuidado idoso técnico cuidado idoso habilitar acompanhar idoso serviço previdenciário assistência social saúde administrar medicação oral tópica conforme prescrição médico auxiliar pessoa idoso atividade básico instrumental vida diário cuidar pessoa idoso dependente independente aspecto físico mental social cultural estimular atividade ocupacional lazer identificar situação urgência necessidade primeiro socorro promover envelhecimento ativo saúde funcional promover direito dignidade pessoa idoso realizar atividade promoção saúde cuidado recomendar adequação ambiental previnar acidente zelar autonomia idoso melhoria qualidade vida atuação técnico cuidado idoso fundamental conhecimento política público saúde compreensão atuação profissional frente diretriz princípio estrutura organizacional sistema único saúde sus respeito direito pessoa idoso conhecimento saber relacionar princípio técnica aplicar área sempre pautar postura humano ética cuidado conhecimento sobre biossegurança sobre estratégia autocuidado físico mental resolução situaçõesproblema gestão conflito trabalho equipe forma colaborativo comunicação ética profissional atualização aperfeiçoamento profissional meio educação continuar local ambiente trabalho centro convivência centrosdia hospitaisdio instituição longo permanência idoso instituição saúde serviço cuidado domiciliar profissional autônomo sugestão qualificação profissional certificação intermediário curso técnico considerar ocupação prever cbo cuidador idoso sugestão formação continuar curso especialização técnico póstécnico especialização técnico contação história especialização técnico musicoterapia especialização técnico recreação especialização técnico saúde mental sugestão verticalização curso graduação curso alto tecnologia bacharelar licenciaturar bacharelar enfermagem bacharelar fisioterapia bacharelar gerontologia bacharelar nutrição bacharelar psicologia bacharelar serviço social bacharelar terapia ocupacional cuidador idoso acompanhante idoso cuidador idoso domiciliar cuidador idoso institucional cuidador pessoa idoso dependente gerositter
CNCT_4,CNCT,Técnico em Dependência Química,técnico dependência químico técnico dependência química habilitar compor equipe multiprofissional programa serviço projeto promoção saúde relacionar uso abuso dependência substância psicoativo respeitar preceito legal relacionado política inclusão atendimento educacional especializar participar planejamento desenvolvimento trabalho informação esclarecimento sobre uso abuso dependência substância psicoativo mobilizar forma articular valorização vida saudável autocuidado preservação integridade biopsicossocial junto comunidade aplicar dispositivo formal informal poder compor rede intersetorial atenção pessoa problema relacionar uso abuso dependência droga estratégia articulação atuar frente circunstância biopsicossocial sociológico ambiental característica comum uso abuso dependência substância psicoativo aliar conhecimento habilidade operacionalização estratégia recurso minimização circunstância estimulante desencadeante atuar operacionalização cumprimento processo terapêutico reabilitação recuperação reinserção social redução dano relacionar uso abuso dependência substância psicoativo coletar registrar reunir informação apoio suporte diagnóstico todo faz processo terapêutico mobilizar forma articular base sobre característica dinâmico diferente problema relacionar uso abuso dependência substância psicoativo sobre técnica procedimento observação comportamento abordagem entrevista recomendar preconizar diferente caso assim habilidade operacionalizar técnica procedimento registrar transmitir informação coletar maneira claro precisar domínio vocabulário técnico científico específico intervir situação emergencial base conhecimento interpretação orientação prescrição direcionamento indicar diferentes caso utilizar forma hábil adequar técnica procedimento primeiro socorro além intervenção encaminhamento caso intoxicação abstinêncio desdobramento contribuir planejamento organização serviço eficiente eficaz prevenção reabilitação redução dano relacionar uso abuso dependência substância psicoativo mobilizar forma articular conhecimento críticoavaliativo modelo gestão convencional alternativo adotar diferentes iniciativa área perspectiva utilização racional diferente recurso social fortalecimento rede intersetorial local regional envolver aspecto natureza estratégico programático recurso humano material sustentabilidade técnico financeiro vigilância sanitário realizar programa prevenção uso abuso dependência substância psicoativo destinar família comunidade escolo empresa atuar frente estratégia prevenção encaminhamento adequar manejo comorbidade comum pessoa problema relacionar uso abuso dependência substância psicoativo atuação técnico dependência químico fundamental conhecimento política público saúde compreensão atuação profissional frente diretriz princípio estrutura organizacional sistema único saúde sus conhecimento sobre base natureza bioquímico psicossocial relacionar dependência problema correlato conhecimento sobre princípio estratégia recurso comunicação sensibilização comunitário desenvolver habilidade utilização de esse recurso sempre pautar postura humano ética conhecimento saber relacionar política inclusão atendimento educacional especializar resolução situaçõesproblema comunicação trabalho equipe interdisciplinar tecnologia informação comunicação gestão conflito ética profissional organização responsabilidade iniciativo social determinação criatividade buscar promover humanização assistência atualização aperfeiçoamento profissional meio educação continuar local ambiente trabalho centro atenção psicossocial cap clínica atendimento dependência comunidade terapêutico consultório rua escola grupo mútua ajudar hospital geral hospital psiquiátrico organização sociedade civil programa redução dano sala atendimento particular serviço referência saúde mental unidade básico saúde unidade acolhimento temporário unidade desintoxicação programa projeto intersetorial sugestão qualificação profissional certificação intermediário curso técnico considerar ocupação prever cbo monitor dependência químico sugestão formação continuar curso especialização técnico póstécnico especialização técnico dependência químico especialização técnico saúde mental especialização técnico terapia comunitário sugestão verticalização curso graduação curso alto tecnologia bacharelar licenciaturar bacharelar enfermagem bacharelar psicologia bacharelar saúde coletivo bacharelar serviço social bacharelar terapia ocupacional monitor dependente químico conselheiro dependente químico consultor dependência químico
CNCT_5,CNCT,Técnico em Enfermagem,técnico enfermagem técnico enfermagem habilitar realizar sob supervisão enfermeiro cuidado integral enfermagem indivíduo famílir grupo social vulnerável atuar promoção prevenção recuperação reabilitação processo saúdedoença todo ciclo vital participar planejamento execução ação saúde junto equipe multidisciplinar considerar norma biossegurança envolver curativo administração medicamento vacina nebulização banho leito cuidado pósmorter mensuração antropométrico verificação sinal vital preparar paciente procedimento saúde participar comissão certificação serviço saúde tal núcleo segurança paciente serviço controle infecção hospitalar gestão qualidade serviço prestar população gestão risco comissão ética enfermagem transplante óbito outro colaborar enfermeiro ação comissão certificação serviço saúde tal núcleo segurança paciente serviço controle infecção hospitalar gestão qualidade serviço prestar população gestão risco comissão ética enfermagem transplante óbito outro atuação técnico enfermagem fundamental conhecimento política público saúde compreensão atuação profissional frente diretriz princípio estrutura organizacional sistema único saúde sus conhecimento saber relacionar princípio técnica aplicar área sempre pautar postura humano ética resolução situaçõesproblema comunicação trabalho equipe interdisciplinar tecnologia informação comunicação gestão conflito ética profissional organização responsabilidade iniciativa social determinação criatividade buscar promover humanização assistência atualização aperfeiçoamento profissional meio educação continuar local ambiente trabalho ambulatório centro atenção psicossocial centro diagnóstico imagem anális clínica clínica consultório consultório rua cuidado domiciliar hospital indústria comércio serviço segurança trabalho instituição longo permanência organização militar serviço urgência móvel unidade básico saúde unidade pronto atendimento sugestão qualificação profissional certificação intermediário curso técnico considerar ocupação prever cbo auxiliar enfermagem cbo sugestão formação continuar curso especialização técnico póstécnico especialização técnico aleitamento materno especialização técnico assistência portador ferida especialização técnico assistência queimado especialização técnico assistência política ists especialização técnico atendimento domiciliar especialização técnico centro cirúrgico especialização técnico centro material esterilização especialização técnico diagnóstico imagem especialização técnico diálise peritoneal especialização técnico hemodiálise especialização técnico hemoterapia hemoderivar especialização técnico imunização especialização técnico instrumentação cirúrgico especialização técnico neonatologia especialização técnico nefrologia especialização técnico oncologia especialização técnico saúde ambiental especialização técnico saúde coletivo especialização técnico saúde criança adolescente especialização técnico saúde mulher especialização técnico saúde homem especialização técnico saúde idoso especialização técnico saúde trabalhador especialização técnico saúde indígeno especialização técnico saúde mental especialização técnico saúde público especialização técnico terapia intensivo especialização técnico traumatoortopedia especialização técnico urgência emergência aph especialização técnico vigilância especialização técnico obstetrícia neonatologia especialização técnico uti forma segmentar adulto neo sugestão verticalização curso graduação curso alto tecnologia bacharelar licenciaturar curso alto tecnologia gestão hospitalar bacharelar enfermagem bacharelar medicina bacharelar saúde público técnico enfermagem técnico hemotransfusão auxiliar enfermagem técnico enfermagem trabalho técnico enfermagem psiquiátrico auxiliar enfermagem trabalho técnico enfermagem saúde ocupacional técnico enfermagem ocupacional técnico enfermagem saúde mental técnico enfermagem terapia intensivo instrumentador cirúrgico auxiliar saúde navegação marítimo técnico enfermagem estratégia saúde família auxiliar enfermagem estratégia saúde família auxiliar ambulatório auxiliar enfermagem central material esterelizar cme auxiliar enfermagem centro cirúrgico auxiliar enfermagem clínica médico auxiliar enfermagem hospital auxiliar enfermagem saúde público auxiliar enfermagem hemodiálise auxiliar enfermagem home care auxiliar enfermagem nefrologia auxiliar enfermagem saúde mental auxiliar ginecologia auxiliar hipodermia auxiliar obstetrícia auxiliar oftalmologia auxiliar parteira auxiliar hemotransfusão auxiliar enfermagem saúde ocupacional auxiliar enfermagem ocupacional
CNCT_6,CNCT,Técnico em Equipamentos Biomédicos,técnico equipamento biomédico técnico equipamento biomédico habilitar administrar comercializar equipamento biomédico analisar executar teste calibração aferição equipamento médicohospitalar analisar tecnicamente certificado calibração aferição auxiliar definição medida controle segurança qualidade ambiente hospitalar referente uso equipamento médicohospitalar odontológico auxiliar elaboração especificação técnico aquisição novo equipamento auxiliar elaboração planejamento gestão manutenção equipamento médicohospitalaresodontológico coordenar armazenamento uso adequado equipamento executar ação planejar manutenção preventivo preditivo corretivo instalação montagem medição teste equipamento médico executar instalação manutenção equipamento médicohospitalar odontológico participar realizar treinamento operacional controle segurança qualidade equipamento médico equipe médicoassistencial planejar executar instalação montagem medição teste equipamento biomédico prestar assistência técnico estudo desenvolvimento projeto pesquisa tecnologia equipamento médicohospitalaresodontológico realizar coleta campo dado auxiliar planejamento gestão manutenção equipamento médico infraestrutura instalação hospitalar realizar registrar procedimento manutenção preventivo preditivo corretivo equipamento instrumento médicohospitalaresodontológico registrar procedimento ação planejar manutenção preventivo preditivo corretivo equipamento instrumento médicohospitalaresodontológico atuação técnico equipamento biomédico fundamental conhecimento política público saúde compreensão atuação profissional frente diretriz princípio estrutura organizacional sistema único saúde sus conhecimento saber relacionar princípio técnica aplicar área resolução situaçõesproblema comunicação trabalho equipe interdisciplinar tecnologia informação comunicação gestão conflito ética profissional organização responsabilidade atualização aperfeiçoamento profissional meio educação continuar local ambiente trabalho clínica empresa fabricante revendedora equipamento médicohospitalar empresa prestadora serviço assistência técnico hospital instituição pesquisa laboratório clínico unidade saúde sugestão qualificação profissional certificação intermediário curso técnico considerar ocupação prever cbo eletricista industrial sugestão formação continuar curso especialização técnico póstécnico especialização técnico metrologia sugestão verticalização curso graduação curso alto tecnologia bacharelar licenciaturar curso alto tecnologia sistema biomédico curso alto tecnologia radiologia bacharelar engenharia biomédico bacharelar engenharia técnico manutenção equipamento instrumento médicohospitalar
CNCT_7,CNCT,Técnico em Estética,técnico estética técnico estética habilitar executar procedimento estético facial corporal capilar utilizar produto cosmético técnica equipamento registro agência nacional vigilância sanitário anviso avaliar condição pele meio anamnese selecionar executar procedimento estético facial corporal capilar além orientar sobre cuidado específico pós procedimento utilizar técnica manual associar equipamento tecnologia produto cosmético tratar promoção proteção manutenção recuperação estético pele avaliar selecionar técnica cosmético apropriar acordo característica necessidade clientepaciente adotar procedimento limpeza desinfeção esterilização equipamento instrumento todo utensílio utilizar estética observar prescrição médico outro profissional saúde apresentar cliente solicitar após exame situação avaliação médico ear outro profissional saúde conforme necessidade executar atividade conformidade norma vigente vigilância sanitário interagir fornecedor outro profissional saúde sobretudo esteticista compor equipe multidisciplinar atuação técnico estética fundamental conhecimento política público saúde compreensão atuação profissional frente diretriz princípio estrutura organizacional sistema único saúde sus conhecimento saber relacionar princípio técnica aplicar área biossegurança sempre pautar postura humano ética resolução situaçõesproblema comunicação trabalho equipe interdisciplinar gestão conflito ética profissional organização responsabilidade iniciativo social determinação criatividade buscar promover humanização assistência atualização aperfeiçoamento profissional meio educação continuar local ambiente trabalho atendimento domicílio centro estético salão instituto beleza condomínio academia sauno spa clínica médico hotel cruzeiro marítimo serviço saúde inclusive integrar ação coletivo social sugestão qualificação profissional certificação intermediário curso técnico considerar ocupação prever cbo manicurar pedicure maquiador sugestão formação continuar curso especialização técnico póstécnico especialização técnico cosmetologia especialização técnico estética visagismo especialização técnico técnica spa sugestão verticalização curso graduação curso alto tecnologia bacharelar licenciaturar curso alto tecnologia estética cosmético esteticistar esteticistar corporal esteticista facial técnico estética
CNCT_8,CNCT,Técnico em Farmácia,técnico farmácia técnico farmácia habilitar atender sob supervisão farmacêutico prescrição medicamento cosmético interpretar prescrição separar fornecer produto solicitar encaminhar farmacêutico caso específico auxiliar processo administrativo relacionar âmbito farmacêutico auxiliar produção controle logística produto indústria farmacêutico afim executar auxiliar rotina compra armazenamento entrega produto farmacêutico correlato identificar classificar produto forma farmacêutico participar rotina teste laboratório pesquisa vincular universidade faculdade instituto pesquisa indústria farmacêutico realizar controle manutenção estoque produto matériasprima farmacêutico realizar operação farmacotécnico manipulação forma farmacêutico alopática fitoterápico homeopático cosmético afim realizar teste controle qualidade atuação técnico farmácia fundamental conhecimento política público saúde organização princípio diretriz sistema único saúde sus conhecimento saber relacionar princípio técnica aplicar área sempre pautar postura humano ética conhecimento saber relacionar processo produção sustentabilidade logístico resolução situaçõesproblema comunicação trabalho equipe interdisciplinar tecnologia informação comunicação gestão conflito ética profissional organização responsabilidade iniciativa social determinação criatividade buscar promover humanização assistência atualização aperfeiçoamento profissional meio educação continuar local ambiente trabalho distribuidora medicamento insumo correlato drogaria farmácia manipulação farmácia homeopático farmácia hospitalar indústria cosmético indústria farmacêutico indústria químicofarmacêutico laboratório pesquisa vincular universidade faculdade instituto pesquisa unidade básico saúde unidade dispensação sus sugestão qualificação profissional certificação intermediário curso técnico considerar ocupação prever cbo auxiliar farmácia manipulação balconista farmácia sugestão formação continuar curso especialização técnico póstécnico especialização técnico controle qualidade farmácia especialização técnico farmácia hospitalar especialização técnico manipulação laboratório farmácia sugestão verticalização curso graduação curso alto tecnologia bacharelar licenciaturar curso alto tecnologia gestão hospitalar curso alto tecnologia processo químico bacharelar farmácia bacharelar química técnico farmácia auxiliar técnico laboratório farmácia técnico laboratório farmácia
CNCT_9,CNCT,Técnico em Gerência em Saúde,técnico gerência saúde técnico gerência saúde habilitar apreender princípio administração reconhecer em ela peculiaridade imputar campo gestão cuidado reconhecer ação operacional dimensão técnico administrativo político defesa vida humano contribuir elaboração plano saúde âmbito municipal estadual saúde contribuir concepção estrutura organizacional operacional sistema serviço saúde gerenciar serviço unidade saúde processo trabalho operar princípio orçamentário fluxo financiamento saúde realizar estudo custo viabilidade financeiro desenvolver projeto gestão saúde controlar gerenciar todo sistema logística cadeia suprimento compra estoque distribuição material bem hotelaria serviço unidade saúde fiscalizar execução contrato serviço terceiro aplicar normatização relacionar produto processo ambiente serviço saúde operar controlar sistema transporte farmáciar segurança protocolo arquivo recepção zelador predial manutenção executar processo administrativo auditoria fiscalização objetivo garantir lisura transparência ação serviço sistema saúde reconhecer diferentes modelo atenção saúde organização prestação cuidado forma rede atenção saúde apoiar planejamento controle avaliação implementação programa saúde conhecer área segurança saúde trabalho assumir postura promoção proteção saúde individual coletivo ambiente trabalho interpretar aplicar norma exercício profissional princípio ético regemr conduta profissional saúde utilizar recurso tecnologia informação reconhecendose partícipe processo usuário meio informacional empregar método coleta análise processamento dado epidemiológico uso sistema informação saúde conhecimento determinante condição ocorrência doença agravo saúde população humano utilizar recurso epidemiologia planejamento acompanhamento avaliação ação desenvolvir serviço saúde compreender vigilância saúde principal estratégia operacional organização execução ação promoção proteção recuperação saúde população território compreender objetivo área gestão pessoa organização contribuir melhoria ambiente organizacional aplicação técnica recrutamento seleção desenvolvimento avaliação pessoa executar procedimento relativo faturamento serviço saúde atuação técnico gerência saúde fundamental conhecimento política público saúde compreensão atuação profissional frente diretriz princípio estrutura organizacional sistema único saúde sus conhecimento saber relacionar princípio técnica aplicar área sempre pautar postura humano ética cuidado atuação conforme limite princípio direito constitucional organização responsabilidade disponibilidade iniciativa buscar promover humanização assistência foco cidadãopaciente resolução situaçõesproblemas gestão conflito trabalho equipe forma colaborativo comunicação ética profissional atualização aperfeiçoamento profissional meio educação continuar local ambiente trabalho agência reguladora serviço saúde central gestão saúde centro assistência obstétrico neonatal normal Centro saúde Centro vacinação hospital clínica policlínico empresa seguradoro medicina grupo autogestão similar atuar âmbito sistema saúde setor público privado ear filantrópico laboratório saúde público pronto atendimento Secretaria saúde serviço vigilância saúde unidade apoio diagnóstico unidade atenção hematológico eou hemoterápico unidade atenção psicossocial unidade reabilitação unidade básico saúde sugestão qualificação profissional certificação intermediário curso técnico considerar ocupação prever cbo recepcionista serviço saúde auxiliar administrativo sugestão formação continuar curso especialização técnico póstécnico especialização técnico gestão hospitalar especialização técnico recurso humano saúde especialização técnico saúde público sugestão verticalização curso graduação curso alto tecnologia bacharelar licenciaturar curso alto tecnologia gestão hospitalar curso alto tecnologia gestão público bacharelar administração graduação administração público graduação saúde coletivo ocupação ainda classificar
CNCT_10,CNCT,Técnico em Hemoterapia,técnico hemoterapia técnico hemoterapia habilitar realizar processo recepção captação prétriagem clínico doador sangue coletar receber preparar processar amostra biológico sanguíneo provo sorológico imunohematológica desenvolver procedimento técnico assistencial serviço unidade hemoterapia realizar procedimento hemoterápico colaborar auxiliar pesquisa envolver cultura celular realizar produção industrial hemoderivado kit diagnóstico controlar qualidade reagente produto insumo equipamento sob supervisão profissional nível superior atuação técnico hemoterapia fundamental conhecimento política público saúde compreensão atuação profissional frente diretriz princípio estrutura organizacional sistema único saúde sus conhecimento saber relacionar princípio técnica aplicar área sempre pautar postura humano ética doador paciente familiar equipe trabalho comunicação próativo articular diferente processo comunicação informação foco doação sangue medula óssea resolução situaçõesproblema trabalho equipe interdisciplinar tecnologia informação comunicação gestão conflito ética profissional organização responsabilidade determinação criatividade buscar promover humanização assistência atualização aperfeiçoamento profissional meio educação continuar local ambiente trabalho banco sangue hemocentro hemonúcleo unidade coleta transfusão posto coleta agência transfusional hospital instituição educacional pesquisa serviço hemoterapia hematologia terapêutico diagnóstico industrial sugestão qualificação profissional certificação intermediário curso técnico considerar ocupação prever cbo auxiliar laboratório saúde sugestão formação continuar curso especialização técnico póstécnico especialização técnico imunohematologia especialização técnico controle qualidade hemoterapia sugestão verticalização curso graduação curso alto tecnologia bacharelar licenciaturar curso alto tecnologia sistema biomédico bacharelar biomedicina bacharelar ciência biológico bacharelar enfermagem bacharelar farmácia bacharelar medicina técnico hemoterapia
CNCT_11,CNCT,Técnico em Imagem Pessoal,técnico imagem pessoal técnico imagem pessoal habilitar criar planejar executar ação valorizar beleza indivíduo considerar aspecto físico comportamental desempenhar atividade permitir construção adequação imagem pessoal indivíduo forma consiga transmitir desejo imagem forma coerente personalidade aplicar técnica ferramenta linguagem visual morfopsicologia fisiologia humano anatomia pele tipologir capilar análise comportamental análise corporal colorimetrio Styling utilizar ferramenta marketing digital promover negócio imagem pessoal mídia digital empreender gerir negócio área imagem pessoal modalidade presencial ear online prestar consultorio imagem pessoal forma individual empresa atuação técnico imagem pessoal fundamental conhecimento saber relacionar princípio técnica aplicar área sempre pautar postura humano ética resolução situaçõesproblema comunicação trabalho equipe interdisciplinar gestão conflito ética profissional organização responsabilidade iniciativa social determinação criatividade buscar promover humanização assistência atualização aperfeiçoamento profissional meio educação continuar local ambiente trabalho atendimento domicílio prestação serviço forma autônomo centro estético salão instituto beleza hotel cruzeiro marítimo televisão teatro desfile moda ensaio fotográfico empresa varejo moda shoppings centers centro empresarial instituição ensino sugestão qualificação profissional certificação intermediário curso técnico considerar ocupação prever cbo barbeiro cabelereiro maquiador personal stylist sugestão formação continuar curso especialização técnico póstécnico especialização técnico visagismo especialização técnico consultoria imagem pessoal especialização colorimetrio especialização morfopsicologia especialização Styling especialização cosmetologia sugestão verticalização curso graduação curso alto tecnologia bacharelar licenciaturar bacharelar comunicação curso alto tecnologia estética cosmético curso alto tecnologia design moda curso alto tecnologia fotografia curso alto tecnologia marketing digital ocupação ainda classificar
CNCT_12,CNCT,Técnico em Imobilizações Ortopédicas,técnico imobilização ortopédico técnico imobilização ortopédico habilitar confeccionar aplicar retirar sob supervisão profissional nível superior aparelho gessar exemplo tala gessar goteira calha enfeixamento uso material convencional sintético preparar executar tração cutâneo auxiliar médico ortopedistar instalação tração esquelético manobra redução manual fratura luxação preparar sala centro cirúrgico procedimento simples tal pequeno sutura redução manual punção infiltração reconhecer prescrição aplicar técnica confecção modelagem diversos imobilização ortopédico reconhecer estrutura anatômico relevância área analisar avaliar condição tipo fratura luxação bom escolha imobilização atuação técnico imobilização ortopédico fundamental conhecimento política público saúde compreensão atuação profissional frente diretriz princípio estrutura organizacional sistema único saúde sus conhecimento técnica retirada imobilização ortopédico conhecimento material utilizar realizar imobilização efeito reação utilizar material certificandose segurança conhecimento processo reabilitação lesão ortopédico paciente conhecimento saber relacionar princípio técnica aplicar área sempre pautar postura humano ética cuidado organização responsabilidade iniciativa social determinação criatividade buscar promover humanização assistência resolução situaçõesproblemas gestão conflito trabalho equipe forma colaborativo comunicação ética profissional atualização aperfeiçoamento profissional meio educação continuar local ambiente trabalho centro reabilitação físico paciente clínica hospital unidade básico saúde pronto Socorro sugestão qualificação profissional certificação intermediário curso técnico considerar ocupação prever cbo identificar sugestão formação continuar curso especialização técnico póstécnico especialização técnico adaptação meio auxiliar locomoção especialização técnico gestão organização logística sala ortopedia especialização técnico manejo órtese imobilização ortopédico membro alto inferior coluna especialização técnico traumatologia sugestão verticalização curso graduação curso alto tecnologia bacharelar licenciaturar curso alto tecnologia sistema biomédico bacharelar fisioterapia bacharelar terapia ocupacional bacharelar medicina técnico imobilização ortopédico técnico aparelho gessar técnico gesso hospitalar técnico gesso ortopédico técnico imobilização aparelho locomotor técnico imobilização gessar técnico engessador técnico gessista
CNCT_13,CNCT,Técnico em Massoterapia,técnico massoterapia técnico massoterapia habilitar realizar prática massoterapêutico visar promoção manutenção saúde foco equilíbrio físico emocional humano avaliar selecionar aplicar técnica adequado necessidade cliente baseandose conceito anatômico fisiológico biomecânico fisiopatológico elaborar executar plano trabalho sob perspectiva integral base utilização técnica manual observar indicação contraindicação específico atendimento bem norma biossegurança ergonomia associar prática profissional determinar terapio complementar integrativa invasivo atuação técnico massoterapia fundamental conhecimento política público saúde compreensão atuação profissional frente diretriz princípio estrutura organizacional sistema único saúde sus conhecimento saber relacionar princípio técnica aplicar área sempre pautar postura humano ético respeitar contraindicação técnica face condição cliente resolução situaçõesproblema comunicação trabalho equipe interdisciplinar gestão conflito ética profissional organização responsabilidade iniciativo social determinação criatividade buscar promover humanização assistência atualização aperfeiçoamento profissional meio educação continuar local ambiente trabalho academia esportivo ginástica atendimento domicílio casa repouso centro convivência idoso centro estético instituto beleza clube desportivo condomínio saunas spa espaço massoterapia hospital clínica unidade básico saúde instituição longo permanência ipl meio hospedagem cruzeiro marítimo evento programa social qualidade vida voltar promoção saúde coletivo forma autônomo equipe multidisciplinar sugestão qualificação profissional certificação intermediário curso técnico considerar ocupação prever cbo massagistar sugestão formação continuar curso especialização técnico póstécnico especialização técnico drenagem linfático especialização técnico massagem desportivo especialização técnico massagem laboral especialização técnico massagem modeladora especialização técnico massagem shiatsu especialização técnico massagem tuiná especialização técnico reflexologia podal sugestão verticalização curso graduação curso alto tecnologia bacharelar licenciaturar bacharelar fisioterapia bacharelar educação físico massoterapeuto massagista massoprevencionista
CNCT_14,CNCT,Técnico em Necropsia,técnico necropsia técnico necropsia habilitar auxiliar perito médico legista médico patologista realização exame necroscópico executar técnica tanatopraxia visar conservação reconstituição cadáver traslado cerimônia póstuma preparar meio dissecação manipulação solução conservante corpo peça anatômico ensino pesquisa prestar serviço funeral responsável legal falecido atuação técnico necropsia fundamental conhecimento política público saúde organização princípio diretriz sistema único saúde sus conhecimento saber relacionar diversos área atuação envolver questão pósmorte consequência sempre pautar postura humano ética resolução situaçõesproblema trabalho equipe tecnologia informação comunicação gestão conflito ética profissional organização responsabilidade iniciativo social entusiasmo empatir respeito atualização aperfeiçoamento profissional meio educação continuar local ambiente trabalho instituto medicina legal iml serviço verificação óbito svo clínica tanatopraxia conservação preparo corpo núcleo anatomia patológico hospital público privado laboratório anatomia humano instituição ensino crematório funerár sugestão qualificação profissional certificação intermediário curso técnico considerar ocupação prever cbo agente funerário sugestão formação continuar curso especialização técnico póstécnico especialização técnico anatomia humano especialização técnico necromaquiagem especialização técnico taxidermia sugestão verticalização curso graduação curso alto tecnologia bacharelar licenciaturar bacharelar biomedicina bacharelar ciência biológico bacharelar enfermagem bacharelar medicina bacharelar medicina veterinário embalsamador taxidermista agente funerário
CNCT_15,CNCT,Técnico em Nutrição e Dietética,técnico nutrição dietético técnico nutrição dietético habilitar desenvolver sob supervisão profissional nível superior atividade relacionar educação alimentar nutricional indivíduo comunidade prevenção controle carência nutricional doença crônico transmissível doença veicular alimento realizar coleta dado interesse serviço nutrição dietético bem dado antropométrico subsidiar avaliação nutricional realizar nutricionista realizar estudo necessidade nutricional indivíduo coletividade todo fase ciclo vital monitorar dieta rotina sobre prescrição dietético acompanhar orientar execução atividade compor todo escala produção refeição bem atividade controle qualidade higiênicosanitário atender norma segurança alimentar nutricional auxiliar planejamento execução procedimento rotina bem orientar monitorar atividade realizar equipe funcionário aplicar norma segurança trabalho produção refeição comércio alimento contribuir elaboração cardápio elaboração relatório técnico conformidade trabalhar pesquisa desenvolvimento novo produto alimentício atuar diferente segmento sob orientação supervisão nutricionista atuação técnico nutrição dietético fundamental conhecimento política público saúde compreensão atuação profissional frente diretriz princípio estrutura organizacional sistema único saúde sus conhecimento saber relacionar princípio técnica aplicar área sempre pautar postura humano ética resolução situaçõesproblema comunicação trabalho equipe interdisciplinar tecnologia informação comunicação gestão conflito ética profissional organização responsabilidade iniciativa social determinação criatividade buscar promover humanização assistência atualização aperfeiçoamento profissional meio educação continuar local ambiente trabalho indústria alimento cozinha unidade alimentação nutrição uan comércio varejista alimento clínica hospital instituição longo permanência similar programa institucional público privado saúde coletivo sugestão qualificação profissional certificação intermediário curso técnico considerar ocupação prever cbo copeiro hospitalar lactarista sugestão formação continuar curso especialização técnico póstécnico especialização técnico alimentação escolar especialização técnico cadeia produção alimento especialização técnico gastronomia hospitalar especialização técnico segurança alimentar nutricional especialização técnico terapia renal substitutivo nutrição educação físico sugestão verticalização curso graduação curso alto tecnologia bacharelar licenciaturar curso alto tecnologia alimento curso alto tecnologia gastronomia curso alto tecnologia laticínio bacharelar engenharia alimento bacharelar nutrição técnico nutrição
CNCT_16,CNCT,Técnico em Óptica,técnico óptica técnico óptica habilitar responsável técnico estabelecimento óptico centro adaptação lente contato laboratório surfaçagem montagem atuar consultor óptico representante comercial equipamento armação lente oftálmico contato emitir laudo parecer técnico relacionar produto óptico executar fabricação lente geral montagem óculos adaptação lente contato implementar ação gestão administrativo estratégico segmento óptico indicar comercializar produto óptico lente oftálmico lente contato armação óculos acordo dioptrio grau medida individual anatomia facial estética costume comportamental laboral usuário interpretar avaliar aviar prescrição óptico laudo optométrico realizar teste acuidade visual óptica oftálmico contatologia atuação técnico óptica fundamental conhecimento política público saúde organização princípio diretriz sistema único saúde sus conhecimento saber relacionar profissão sempre pautar postura humano ética resolução situaçõesproblema trabalho equipe tecnologia informação comunicação gestão conflito ética profissional organização responsabilidade iniciativo social entusiasmo empatir respeito atualização aperfeiçoamento profissional meio educação continuar conhecimento saber relacionar princípio técnica aplicar área voltar surfaçagem lente montagem óculos adaptação lente contato local ambiente trabalho centro adaptação lente contato clínica oftalmológico optométrica estabelecimento industrialização comercialização distribuição lente oftálmico lente contato armação óculos equipamento óptico estabelecimento óptico laboratório surfaçagem montagem sugestão qualificação profissional certificação intermediário curso técnico considerar ocupação prever cbo auxiliar contatologia consultor óptico montador lente oftálmico surfaçagista lente oftálmico vendedor produto serviço óptico sugestão formação continuar curso especialização técnico póstécnico especialização técnico construção adaptação ajuda óptico especialização técnico contatologia especialização técnico estética óptico especialização técnico surfaçagem digital especialização técnico montagem óculos sugestão verticalização curso graduação curso alto tecnologia bacharelar licenciaturar curso alto tecnologia oftálmico bacharelar física bacharelar físico médico licenciatura física técnico óptica optometrio contatólogo óptico contatólogo óptico oftálmico óptico optometristar óptico protesista técnico optometristar
CNCT_17,CNCT,Técnico em Optometria,técnico optometria técnico optometria habilitar realizar exame optométrico adaptar auxílio óptico baixo visão adaptar lente contato emitir laudo optométrico fomentar ação cuidado saúde visual identificar analisar fator determinante saúde visual desenvolver promover executar ação permitir controle acompanhamento adequado compor equipe interdisciplinares detecção tratamento alteração visual ocular atuação técnico optometria fundamental conhecimento política público saúde compreensão atuação profissional frente diretriz princípio estrutura organizacional sistema único saúde sus conhecimento saber relacionar princípio técnica aplicar área sempre pautar postura humano ético capacidade raciocínio lógico coordenação motoro fino capacidade concentração resolução situaçõesproblema bom comunicação trabalho equipe interdisciplinar tecnologia informação comunicação gestão conflito ética profissional organização responsabilidade iniciativa social determinação criatividade buscar promover humanização assistência atualização aperfeiçoamento profissional meio educação continuar conhecimento saber relacionar princípio técnica aplicar área voltar surfaçagem lente montagem óculos adaptação lente contato local ambiente trabalho centro saúde público privado clínica oftalmológico centro avaliação capacidade visual sistema único saúde sugestão qualificação profissional certificação intermediário curso técnico considerar ocupação prever cbo identificar sugestão formação continuar curso especialização técnico póstécnico especialização técnico ortóptica estrabologia especialização técnico baixo visão especialização técnico optometria pediátrico especialização técnico optometria geriátrico especialização técnico prótese ocular sugestão verticalização curso graduação curso alto tecnologia bacharelar licenciaturar curso alto tecnologia oftálmico bacharelar medicina técnico óptica optometrio contatólogo óptico contatólogo óptico oftálmico óptico optometristar óptico protesista técnico optometristar
CNCT_18,CNCT,Técnico em Órteses e Próteses,técnico órtese Próteses técnico órtese prótese habilitar realizar sob supervisão profissional nível superior exame avaliação físico fim medida órtese prótes meio auxiliar locomoção humano realizar medida confeccionar modelar ajustar consertar órtese prótese humano acordo necessidade físico psicológico econômico social cliente possibilidade oferecir inovação tecnológico participar projeto confecção ajuste avaliação órtese prótes meio auxiliar locomoção aplicar tecnologia melhoria qualidade vida paciente acompanhar resultado trabalho executar paciente atender eventual necessidade ajuste orientação adaptação solicitação médico fisioterapêutico ear outro profissional área afim avaliar utilizar material componente relativo produção órtese prótese meio auxiliar locomoção organizar processo trabalho oficina produção manutenção adaptação órtese prótes meio auxiliar locomoção base perfil epidemiológico segmento população deficiência demanda locorregional serviço rede atenção saúde sus integrar assistir equipe multidisciplinar processo reabilitação readaptação avaliação acompanhamento pessoa deficiência mediante projeto terapêutico singular perspectiva sistêmico integral atuação técnico órtese prótese fundamental conhecimento política público saúde compreensão atuação profissional frente diretriz princípio estrutura organizacional sistema único saúde sus conhecimento saber relacionar princípio político social ético sus base instrumental atenção saúde pessoa deficiência conhecimento saber relacionar processo trabalho saúde especificidade trabalho área atenção saúde pessoa deficiência conhecimento sobre fundamento base avaliação cuidado pessoa deficiência físico organização gerênciar controle qualidade biossegurança oficina produção manutenção adaptação prótes órtese meio auxiliar locomoção resolução situaçõesproblema comunicação trabalho equipe interdisciplinar tecnologia informação comunicação gestão conflito ética profissional atualização aperfeiçoamento profissional meio educação continuar local ambiente trabalho oficina ortopedico centro reabilitacao fisica clinica empresa confeccao produto ortopedico hospital empresa ortopedia tecnico oficina industria producao biomedico sugestão qualificação profissional certificação intermediário curso técnico considerar ocupação prever cbo identificar sugestão formação continuar curso especialização técnico póstécnico especialização técnico adaptação meio auxiliar locomoção especialização técnico calçado palmilha ortopédico especialização técnico gestão oficina ortopédico especialização técnico inovação tecnológico área órtese prótese especialização técnico órtese coluna vertebral especialização técnico prótese membro alto especialização técnico prótese amputação parcial desarticulação tornozelo sugestão verticalização órteses coluna vertebral curso graduação curso alto tecnologia bacharelar licenciaturar curso alto tecnologia sistema biomédico bacharelar fisioterapia bacharelar medicina bacharelar terapia ocupacional bacharelar engenharia mecatrônica bacharelar engenharia biomédico bacharelar engenharia material técnico ortopedia ortesista protesista técnico sapateiro ortopédico técnico aparelho ortopédico técnico oficina ortopédico técnico prótese órtese técnico prótese ortopédico técnico ortopédico
CNCT_19,CNCT,Técnico em Podologia,técnico podologia técnico podologia habilitar realizar ação promoção saúde prevenção podopatia avaliar condição pele anexo pé identificar lesão elementar externa pé realizar procedimento podológico diferentes tipo afecção utilizar técnica desbastamento correção unha aplicação medicamento tópico prescritos receita médico aplicação curativo conformidade norma legislação vigente selecionar executar procedimento higienização proteção tratamento manutenção utilizar técnica manual equipamento podologia utilizar técnica acordo característica anatômico fisiológico fisiopatológico pé selecionar aplicar procedimento profilaxia ambiente instrumental atuação técnico podologia fundamental conhecimento política público saúde compreensão atuação profissional frente diretriz princípio estrutura organizacional sistema único saúde sus conhecimento saber relacionar princípio técnica aplicar área sempre pautar postura humano ética organização responsabilidade iniciativo social atualização aperfeiçoamento profissional meio educação continuar local ambiente trabalho associação desportivo centro atendimento idoso clínica reabilitação clínica podológico hospital instituição saúde instituto longo permanência ipl profissional autônomo unidade básico saúde sugestão qualificação profissional certificação intermediário curso técnico considerar ocupação prever cbo calistar sugestão formação continuar curso especialização técnico póstécnico especialização técnico atendimento podológico portador diabete mellitu especialização técnico fotopolimerização especialização técnico ortoplastir especialização técnico podologia esportivo especialização técnico podologia geriátrico especialização técnico podologia paciente crônico especialização técnico reflexologia podal sugestão verticalização curso graduação curso alto tecnologia bacharelar licenciaturar podólogo técnico podologia
CNCT_20,CNCT,Técnico em Prótese Dentária,técnico prótese dentár técnico prótese dentár habilitar confeccionar reparar prótese dentária aparelho ortodôntico aparelho ortopédico dispositivo protético bucal gerenciar laboratório prótese dentár prestar suporte técnico cirurgiãodentista fase laboratorial processo reabilitação oral atuação técnico prótese dentár fundamental conhecimento política público saúde compreensão atuação profissional frente diretriz princípio estrutura organizacional sistema único saúde sus conhecimento saber relacionar princípio técnica aplicar área sempre pautar postura humano ética cuidado organização responsabilidade iniciativo social determinação criatividade buscar promover humanização assistência resolução situaçõesproblemas gestão conflito trabalho equipe interdisciplinar forma colaborativo comunicação ética profissional atualização aperfeiçoamento profissional meio educação continuar local ambiente trabalho clínica consultório odontológico empresa material odontológico laboratório prótese dentário aparelho ortodôntico profissional autônomo serviço saúde sugestão qualificação profissional certificação intermediário curso técnico considerar ocupação prever cbo auxiliar prótese dentár sugestão formação continuar curso especialização técnico póstécnico especialização técnico odontologia digital especialização técnico odontologia estético especialização técnico prótese bucomaxilofacial especialização técnico prótese fixo especialização técnico prótese ortodôntico especialização técnico prótese ortopédico funcional maxilare especialização técnico prótese parcial removível especialização técnico prótese sobre implante especialização técnico prótese total sugestão verticalização curso graduação curso alto tecnologia bacharelar licenciaturar bacharelar odontologia protético dentário
CNCT_21,CNCT,Técnico em Radiologia,técnico radiologia técnico radiologia habilitar aplicar sob supervisão profissional nível superior técnica proteção radiológico biossegurança realizar exame radiodiagnóstico considerar todo processo execução técnica aquisição imagem radiológica compreender acolher recepcionar paciente proceder revisão anamnese orientar preparar paciente exame posicionar paciente equipamento realizar exposição processar avaliar padrão técnico imagem supervisionar aplicação técnica radiologia respectivo setor utilizar radiação outro forma energia realização procedimento obtenção imagem diagnóstico tal radiologia convencional digital mamografia densitometrio hemodinâmico tomografia computadorizado ressonância magnético radiologia forense radiologia veterinário dentrar outro atuação técnico radiologia fundamental conhecimento saber relacionar anatomia fisiologia humano resolução situaçõesproblema trabalho equipe interdisciplinar tecnologia informação comunicação gestão conflito ética profissional organização responsabilidade iniciativo social entusiasmo empatir respeito atualização aperfeiçoamento profissional meio educação continuar local ambiente trabalho hospital clínica serviço diagnóstico médico forense veterinário odontológico unidade básico saúde unidade apoio diagnóstico sugestão qualificação profissional certificação intermediário curso técnico considerar ocupação prever cbo identificar sugestão formação continuar curso especialização técnico póstécnico especialização técnico densitometria óssea especialização técnico hemodinâmico especialização técnico mamografia especialização técnico medicina nuclear especialização técnico radiologia forense especialização técnico radiologia industrial especialização técnico radiologia veterinário especialização técnico radioterapia especialização técnico ressonância magnético especialização técnico tomografia computadorizado sugestão verticalização curso graduação curso alto tecnologia bacharelar licenciaturar curso alto tecnologia radiologia técnico radiologia imagenologia operador raiox técnico radioterapia técnico hemodinâmica técnico mamografia técnico medicina nuclear técnico radiologia técnico radiologia médico técnico radiologia odontológico técnico ressonância magnético técnico tomografia
CNCT_22,CNCT,Técnico em Registros e Informações em Saúde,técnico registro informação saúde técnico registro informação saúde habilitar apoiar administração coordenação serviço documentação serviço registro estatística saúde diferentes formato papel eletrônico digital dar suporte atendimento paciente organizar registro administrativo epidemiológico sistema informação sistema prontuário eletrônico paciente pep apoiar elaboração planejamento controle avaliação serviço saúde guardar catalogar manter registro produzir analisar indicador demográfico gerencial epidemiológico implementar operar sistema informação saúde sistema prontuário eletrônico respectivo unidade identificar extrair dado relevante descartar dar organizar gerar dado permitir elaboração compreensão significado capaz orientar tomada decisão técnico gestor máximo eficácia identificar selecionar fonte informação identificar problema acionar suporte informática criar testar validar instrumento coleta dado fazer avaliação coleta dado analisar depurar recuperar introduzir preservar validar dado identificar instrumento tratamento dado apoiar supervisão desempenho sistema disponibilizar dado fazer apresentação emitir relatório identificar ponto crítico inconsistência dado retroalimentar fonte dado promover articulação área tecnologia informação comunicação tic saúde transformação digital contexto processo estabelecimento saúde atuar conhecer princípio regra estabelecir tratamento dado pessoal saúde atuar forma ético garantir privacidade confidencialidade dado pessoal saúde codificar dado coletar utilizar sistema classificação dizer respeito sinal sintoma diagnóstico procedimento medicamento outro permitir comparabilidade diferentes provedor serviço sistema saúde apoiar estratégia educação área registro informação saúde junto profissional saúde alimentar sempre necessário sistema informação saúde acordo área atuação garantir fidedignidade disponibilidade segurança dado atuação técnico registro informação saúde fundamental conhecimento política público saúde compreensão atuação profissional frente diretriz princípio estrutura organizacional sistema único saúde sus conhecimento saber relacionar princípio técnica aplicar área sempre pautar postura humano ética cuidado zelo qualidade dado informação saúde conhecimento respeito aspecto privacidade confidencialidade dado saúde interesse modernização inovação reconhecimento benefício uso crítico tecnologia informação comunicação saúde organização responsabilidade flexibilidade persistêncio disponibilidade iniciativa buscar promover humanização assistência foco cidadãopaciente resolução situaçõesproblema gestão conflito trabalho equipe forma colaborativo comunicação ética profissional atualização aperfeiçoamento profissional meio educação continuar compreensão papel estratégico informação enquanto gerador conhecimento processo gestão cuidado sistema saúde conhecimento sobre política nacional informação sobre informático saúde Brasil sistema nacional informação saúde sobre legislação correlato compreensão processo trabalho poder atuar forma crítico integrar demais trabalhador equipe responsável cuidado saúde conhecimento norma saúde segurança trabalho contribuir ação relacionar saúde trabalhador registro informação saúde modo prevenir diminuir eliminar risco saúde local ambiente trabalho ambulatório casa apoio saúde central abastecimento central gestão saúde central regulação central transplante centro assistência obstétrico neonatal normal centro referência saúde trabalhador Centro vacinação farmáciar hospital laboratório saúde público núcleo telessaúde polo prevenção doença agravo promoção saúde pronto atendimento Secretaria saúde serviço verificação óbito unidade apoio diagnóstico unidade atenção domiciliar unidade atenção hematológico eou hemoterápico unidade atenção psicossocial unidade reabilitação unidade terapia especial unidade vigilância zoonose unidade básico saúde sugestão qualificação profissional certificação intermediário curso técnico considerar ocupação prever cbo auxiliar arquivo sugestão formação continuar curso especialização técnico póstécnico especialização técnico saúde público especialização técnico política público saúde especialização técnico gestão atenção básico especialização técnico gestão vigilância sugestão verticalização curso graduação curso alto tecnologia bacharelar licenciaturar bacharelar arquivologia bacharelar ciência computação bacharelar ciência dado bacharelar gestão informação bacharelar informática biomédico bacharelar saúde coletivar bacharelar gestão público curso alto tecnologia gestão hospitalar registrador câncer
CNCT_23,CNCT,Técnico em Saúde Bucal,técnico saúde bucal técnico saúde bucal atuar sob supervisão cirurgiãodentista habilitar auxiliar promoção prevenção controle doença bucal auxiliar atividade clínico voltar restabelecimento saúde estético função mastigatório indivíduo participar programa educativo voltados saúde bucal contribuir realização estudo epidemiológico saúde bucal instrumentar cirurgiãodentista realizar tomar radiográfica fotográfico uso odontológico realizar escaneamento intraoral controlar estoque supervisionar manutenção equipamento organizar ambiente trabalho odontológico exercer competência âmbito hospitalar atuação técnico saúde bucal fundamental conhecimento sobre política público saúde compreensão atuação profissional frente diretriz princípio estrutura organizacional sistema único saúde sus conhecimento saber relacionar princípio técnica aplicar área sempre pautar postura humano ética cuidado organização responsabilidade iniciativo social determinação criatividade buscar promover humanização assistência resolução situaçõesproblema gestão conflito trabalho equipe interdisciplinar forma colaborativo comunicação ética profissional local ambiente trabalho clínica consultório odontológico hospital serviço saúde sugestão qualificação profissional certificação intermediário curso técnico considerar ocupação prever cbo auxiliar saúde bucal sugestão formação continuar curso especialização técnico póstécnico especialização técnico estratégia saúde família cbo especialização técnico inovação tecnológico especialização técnico instrumentação cirúrgico odontologia especialização técnico instrumentação cirúrgico implantodontia especialização técnico odontologia hospitalar especialização técnico instrumentação ortodôntico especialização técnico instrumentação cirúrgico bucomaxilofacial sugestão verticalização curso graduação curso alto tecnologia bacharelar licenciaturar bacharelar odontologia técnico saúde bucal técnico saúde bucal estratégia saúde família auxiliar saúde bucal estratégia saúde família
CNCT_24,CNCT,Técnico em Terapias Holísticas,técnico terapia holístico técnico terapia holístico habilitar executar prática corporal descontração relaxamento advinr tradição medicina aiurvédico indiana yoga medicina tradicional chinesa mtc lian Gong tai chi chuan aplicar técnica massagem relaxante estimulante tipo terapêutico estético conduzir prática meditativascontemplativo dança circulares utilizar técnica oriundo aromaterapia cromoterapia musicoterapia auriculoterapia moxabustão ventosaterapia outro participar equipe multiprofissional serviço saúde clínico estético atuação técnico terapia holístico fundamental conhecimento política público saúde compreensão atuação profissional frente diretriz princípio estrutura organizacional sistema único saúde sus conhecimento saber relacionar princípio técnica aplicar área sempre pautar postura humano ética resolução situaçõesproblema comunicação trabalho equipe interdisciplinar tecnologia informação comunicação gestão conflito ética profissional organização responsabilidade iniciativa social determinação criatividade buscar promover humanização assistência atualização aperfeiçoamento profissional meio educação continuar local ambiente trabalho associação desportivo centro atenção psicossocial centro atendimento idoso instituição longo permanência ilp centro prática integrativo complementar clínica reabilitação clínica estético empresa domicílio hospital hotel navio cruzeiro evento profissional autônomo spa unidade básico saúde sugestão qualificação profissional certificação intermediário curso técnico considerar ocupação prever cbo instrutor meditação instrutor yoga instrutor tai chi condutor aromaterapia sugestão formação continuar curso especialização técnico póstécnico especialização técnico estética especialização técnico gestão prática integrativo complementar especialização técnico Massoterapia especialização técnico prática meditativascontemplativo sugestão verticalização curso graduação curso alto tecnologia bacharelar licenciaturar curso alto tecnologia estética bacharelar educação físico bacharelar estética bacharelar fisioterapia bacharelar naturologia terapeuta holístico
CNCT_25,CNCT,Técnico em Veterinária,técnico veterinária técnico veterinária atuar sob supervisão médicoveterinário habilitar exercer atividade apoio assistência acompanhamento trabalho médicoveterinário preencher cadastro animal conferir dado registrar procedimento especial tal dieta especial jejum précirúrgico outro previamente estabelecer médicoveterinário pesar animal verificar sinal vital animal observar relatar condição físico atitude comportamento orientar sobre cuidado geral higiene conforme prescrição orientação médicoveterinário ministrar medicamento vacina vermífugo fazer curativo prescrito médicoveterinário responsável auxiliar primeiro socorro manobra parto cuidado neonatal preparar animal procedimento cirúrgico realizar tricotomia higiene paciente antissepsia pele auxiliar procedimento acesso intravenoso procedimento intubação animal preparar animal material procedimento médicoveterinário realizar contenção físico animal auxiliar coleta material exame clínico identificar embalar cadáver após constatação óbito animal médicoveterinário realizar cuidado geral limpeza manutenção esterilização material equipamento controlar estoque solicitar material repor medicamento material atuação técnico veterinária fundamental conhecimento política público saúde compreensão atuação profissional frente diretriz princípio estrutura organizacional sistema único saúde sus aptidão atuar área saúde animal conhecimento habilidade técnico relacionar procedimento apoio assistência acompanhamento trabalho médicoveterinário conhecimento sobre atividade competência privativo médicoveterinário atuação forma colaborativo trabalho equipe visão sistêmico atividade processo capacidade comunicação autonomio proatividade respeito diversidade grupo trabalho resiliênciar frente problema organização responsabilidade ético consciente sobre atuação profissional bemestar animal atualização aperfeiçoamento profissional meio educação continuar local ambiente trabalho atuar sob supervisão médicoveterinário seguinte local situação circunstância abrigo animal clínica veterinário escola treinamento animal estabelecimento comercial especializar pet shop banho toso hospital veterinário hotel veterinário organização governamental parque zoológico sugestão qualificação profissional certificação intermediário curso técnico considerar ocupação prever cbo auxiliar veterinário banhista animal doméstico cuidador animal tosador animal doméstico tratador animal sugestão formação continuar curso especialização técnico póstécnico especialização técnico adestramento cão gato especialização técnico estética animal especialização técnico instrumentação cirúrgico especialização técnico toso animal estimação sugestão verticalização curso graduação curso alto tecnologia bacharelar licenciaturar curso alto tecnologia radiologia bacharelar medicina veterinário bacharelar zootecnia bachareladolicenciatura ciência biológico auxiliar veterinário
CNCT_26,CNCT,Técnico em Vigilância em Saúde,técnico vigilância saúde técnico vigilância saúde habilitar atuar sob supervisão profissional nível superior forma aplicar normatização produto processo ambiente serviço interesse saúde controlar fluxo pessoa animal planta produto porto aeroporto fronteira desenvolver ação controle monitoramento doença endemio vetor desenvolver ação inspeção fiscalização sanitário elaborar implementar junto população território ação educativo âmbito vigilância ambiental sanitária epidemiológico saúde trabalhador promoção saúde investigar monitorar avaliar risco determinante agravo dano saúde população relacionar trabalho assim meio ambiente planejar articular ação intersetorial promoção saúde prevenção controle monitoramento vetor doença endêmico planejar executar avaliar processo vigilância sanitário epidemiológico ambiental saúde trabalhador vigilância situação saúde realizar análise territorial condição vida saúde população identificar intervir situação risco vulnerabilidade grupo populacional ambiente desenvolver ação mobilização social junto comunidade promoção proteção saúde realizar ação prevenção controle doença agravo saúde interação agente comunitário saúde equipe atenção básico atuação técnico vigilância saúde fundamental conhecimento política público saúde organização princípio diretriz sistema único saúde sus conhecimento saber relacionar processo sustentabilidade territorialização organização sus vigilância resolução situaçõesproblema trabalho equipe tecnologia informação comunicação gestão conflito ética profissional iniciativo capacidade planejamento organização responsabilidade iniciativo social entusiasmo empatir respeito atualização aperfeiçoamento profissional meio educação continuar local ambiente trabalho agência vigilância central gestão saúde centro referência saúde trabalhador clínica hospital polo prevenção doença agravo promoção saúde porto aeroporto fronteira secretaria municipal estadual saúde unidade básico saúde sugestão qualificação profissional certificação intermediário curso técnico considerar ocupação prever cbo agente combate endemia agente local vigilância saúde sugestão formação continuar curso especialização técnico póstécnico especialização técnico epidemiologia especialização técnico fiscalização estabelecimento interesse saúde especialização técnico gestão vigilância saúde especialização técnico inspeção risco qualidade especialização técnico saúde trabalhador especialização técnico saúde público especialização técnico vigilância saúde ambiental saneamento especialização técnico vigilância epidemiológico especialização técnico vigilância sanitário produto sugestão verticalização curso graduação curso alto tecnologia bacharelar licenciaturar curso alto tecnologia gestão ambiental curso alto tecnologia gestão hospitalar curso alto tecnologia saneamento ambiental bacharelar ciência biológico bacharelar saúde coletivo agente saúde público agente saneamento agente sanitarista fiscal higiene fiscal obra inspetor comercialização produto inspetor saneamento agente defesa ambiental
CNCT_27,CNCT,Técnico em Controle Ambiental,técnico controle ambiental técnico controle ambiental habilitar propor medida minimização impacto recuperação ambiente degradar realizar ação saúde ambiental território promover monitoramento ação sustentável manejo ambiental hídrico edáfico atmosférico controlar processo produtivo identificar potencial poluidor processo produtivo monitorar gerenciar dado controle estação tratamento água esgoto efluente industrial resíduo sólir emissão atmosférico executar coleta medição situ análises físicoquímico microbiológico matriz ambiental operação processo unitário tratamento avaliar intervenção antrópico utilizar tecnologia prevenção correção monitoramento ambiental realizar levantamento ambiental realizar processo educação ambiental território unidade controle poluição reuso identificar tecnologia apropriar processo produção racional redução energia reuso água residuária biomassa cogeração operar sistema tratamento poluente resíduo sólir executar análises controle qualidade ambiental realizar vistoria ambiental sanitária identificar intervir problema relacionar fator risco ambiental território propósito contribuir melhoria qualidade vida trabalho integrar ação saúde trabalhador saúde ambiental atuação técnico controle ambiental fundamental conhecimento política público saúde compreensão atuação profissional frente diretriz princípio estrutura organizacional sistema único saúde sus conhecimento política público meio ambiente compreensão atuação profissional frente diretriz princípio estrutura organizacional sistema nacional meio ambiente sisnamar conhecimento saber relacionar processo sustentabilidade territorialização monitoramento ambiental organização responsabilidade resolução situaçõesproblema gestão conflito trabalho equipe forma colaborativo comunicação ética profissional atualização aperfeiçoamento profissional meio educação continuar local ambiente trabalho aterro sanitário autarquia órgão público cooperativa associação empreendimento próprio empresa licenciamento ambiental empresa prestadoro serviço estação monitoramento tratamento efluente industrial resíduo controle emissão atmosférico estação tratamento água esgoto sanitário efluente industrial resíduo indústria demais unidade produção instituição assistência técnico pesquisa extensão rural organização governamental ongs ambiental profissional autônomo unidade conservação ambiental unidade manejo recurso hídrico resíduo sugestão qualificação profissional certificação intermediário curso técnico considerar ocupação prever cbo agente ambiental agente combate endemia agente desenvolvimento socioambiental agente gestão resíduo sólir agente limpeza urbano agente local vigilância saúde brigadista prevenção combate incêndio florestal operador aterro sanitário resíduo sólir operador estação tratamento água esgoto efluente industrial sugestão formação continuar curso especialização técnico póstécnico especialização técnico educação ambiental especialização técnico gerenciamento ambiental sugestão verticalização curso graduação curso alto tecnologia bacharelar licenciaturar curso alto tecnologia gestão ambiental curso alto tecnologia gestão resíduo sólir curso alto tecnologia saneamento ambiental bacharelar ciência ambiental bacharelar engenharia ambiental bacharelar engenharia ambiental sanitária bacharelar engenharia sanitária bacharelar engenharia florestal bachareladolicenciatura biologia técnico controle meio ambiente técnico gestão meio ambiente técnico saneamento controle ambiental
CNCT_28,CNCT,Técnico em Meio Ambiente,técnico meio ambiente técnico meio ambiente habilitar coletar armazenar interpretar informação dar documentação ambiental auxiliar elaboração análise projeto relatório estudo ambiental propor medida minimização impacto recuperação ambiente degradar executar sistema gestão ambiental organizar programa educação ambiental base monitoramento correção prevenção atividade antrópico conservação recurso natural através análises prevencionista organizar redução reuso reciclagem resíduo eou recurso utilizar processo identificar padrão produção consumo energia realizar levantamento ambiental operar sistema tratamento poluente resíduo sólir relacionar sistema econômico interação meio ambiente realizar coordenar sistema coleta seletivo executar plano ação manejo recurso natural elaborar relatório periódico atividade modificação aspecto impacto ambiental processo indicar consequência modificação realizar ação saúde ambiental território desenvolver tecnologia social ambiental promover ação manejo ambiental avaliar monitorar sistema tratamento abastecimento água bem esgotamento sanitário monitorar indicador qualidade atmosférico executar ação controle manejo poluição realizar vistor ambiental sanitária realizar monitoramento ambiental elaborar diagnóstico condição socioambiental econômico cultural identificar intervir problema saúde relacionar fator risco ambiental território propósito contribuir melhoria qualidade vida população conhecer utilizar sistema informação geográfico uso atividade geoprocessamento trabalho ambiental integrar ação saúde trabalhador saúde ambiental conhecer integrar sistema saneamento ambiental bem relação saúde público auditar sistema gestão ambiental atuar área Educação proteção recuperação ambiental atuação técnico meio ambiente fundamental conhecimento política público meio ambiente compreensão atuação profissional frente diretriz princípio estrutura organizacional sistema nacional meio ambiente sisnamar conhecimento política público saúde compreensão atuação profissional frente diretriz princípio estrutura organizacional sistema único saúde sus conhecimento saber relacionar processo sustentabilidade territorialização monitoramento ambiental organização responsabilidade resolução situaçõesproblema gestão conflito trabalho equipe forma colaborativo comunicação ética profissional atualização aperfeiçoamento profissional meio educação continuar visão abrangente integrar tópico ambiental água solo fauna flora dinâmica orientação controle processo voltar área conservação pesquiso proteção defesa ambiental atuar equipe gerenciamento ambiental órgão público privado local ambiente trabalho aterro sanitário autarquia órgão público cooperativa associação empreendimento próprio empresa licenciamento ambiental empresa prestadoro serviço estação monitoramento tratamento efluente líquido gasoso resíduo sólir estação tratamento água esgoto sanitário efluente industrial resíduo indústria demais unidade produção instituição assistência técnico pesquisa extensão rural organização governamental ongs ambiental profissional autônomo unidade conservação ambiental unidade manejo recurso hídrico resíduo sugestão qualificação profissional certificação intermediário curso técnico considerar ocupação prever cbo agente ambiental agente combate endemia agente desenvolvimento socioambiental agente gestão resíduo sólir agente limpeza urbano agente local vigilância saúde brigadista prevenção combate incêndio florestal operador aterro sanitário resíduo sólir operador estação tratamento água esgoto efluente industrial sugestão formação continuar curso especialização técnico póstécnico especialização técnico educação ambiental especialização técnico gerenciamento ambiental especialização técnico geoprocessamento especialização técnico reciclagem sugestão verticalização curso graduação curso alto tecnologia bacharelar licenciaturar curso alto tecnologia gestão ambiental curso alto tecnologia gestão resíduo sólir curso alto tecnologia saneamento ambiental bacharelar ciência ambiental bacharelar engenharia ambiental bacharelar engenharia ambiental sanitária bacharelar engenharia sanitária bacharelar engenharia florestal bachareladolicenciatura biologia bacharelar engenharia agronômico bacharelar geografia técnico controle meio ambiente
CNCT_29,CNCT,Técnico em Meteorologia,técnico meteorologia técnico meteorologia habilitar dar suporte direto meteorologista atuar desde coleta dado campo codificação decodificação registro elemento observação meteorológico disponibilização de esse dado qualidade clareza realizar leitura codificação decodificação registro elemento observação meteorológico analisar interpretar dado meteorológico produto satélite resultado modelo meteorológico organizandoos banco dado proceder instalação operação aferição manutenção estação meteorológico desenvolver sistema computacional tratamento divulgação informação meteorológico atuar apoio atividade relacionar área agricultura energia meio ambiente recurso hídrico saúde defesa transporte construção civil dentrar muito outro atuação técnico meteorologia fundamental conhecimento saber relacionar princípio técnica aplicar área sempre pautar postura humano ética resolução situaçõesproblema comunicação trabalho equipe interdisciplinar tecnologia informação comunicação gestão conflito ética profissional organização responsabilidade iniciativa social atualização aperfeiçoamento profissional meio educação continuar local ambiente trabalho aeroporto empresa meteorológico instituição assistência técnico pesquisa extensão rural instituto monitoramento previsão pesquisa meteorológico climatológico organização militar veículo comunicação sugestão qualificação profissional certificação intermediário curso técnico considerar ocupação prever cbo identificar sugestão formação continuar curso especialização técnico póstécnico especialização técnico meteorologia tropical especialização técnico mudança climática sugestão verticalização curso graduação curso alto tecnologia bacharelar licenciaturar curso alto tecnologia meteorologia aeronáutico bacharelar meteorologia bacharelar física bacharelar oceanografia bacharelar ciência ambiental bacharelar geografia técnico meteorologia técnico hidrometristar
CNCT_30,CNCT,Técnico em Reciclagem,técnico reciclagem técnico reciclagem habilitar produzir gerenciar informação sobre resíduo reciclável alternativa sustentável socioeconômico participar elaboração plano gerenciamento resíduo sólir pgrs participar etapa manejo resíduo sólir fomentar processo coleta seletivo fomentar logística reverso organizar executar projeto capacitação reciclagem resíduo identificar tecnologia repassar organização catador planejar organizar inclusão organização catador sistema gestão integrar resíduo sólir município planejar executar ação economia solidário Educação ambiental política ambiental atuar programa educação ambiental identificar diverso tipo material reciclável equipamento necessário processo reciclagem integrar ação saúde trabalhador saúde ambiental atuação técnico reciclagem fundamental conhecimento política público meio ambiente compreensão atuação profissional frente diretriz princípio estrutura organizacional sistema nacional meio ambiente sisnamar conhecimento saber relacionar processo sustentabilidade territorialização organização sus vigilância organização responsabilidade resolução situaçõesproblema gestão conflito trabalho equipe forma colaborativo comunicação ética profissional atualização aperfeiçoamento profissional meio educação continuar local ambiente trabalho autarquia órgão público cooperativa associação catador reciclagem resíduo sólir empresa licenciamento ambiental estação usina tratamento resíduo sólir instituição gestão tratamento comercialização reciclagem disposição final resíduo sólir instituição proteção ambiental organização governamental ongs ambiental prestador serviço saneamento básico sugestão qualificação profissional certificação intermediário curso técnico considerar ocupação prever cbo agente desenvolvimento socioambiental agente gestão resíduo sólir agente limpeza urbano operador aterro sanitário resíduo sólir sugestão formação continuar curso especialização técnico póstécnico especialização técnico educação ambiental especialização técnico gerenciamento ambiental especialização técnico tratamento resíduo sólir sugestão verticalização curso graduação curso alto tecnologia bacharelar licenciaturar curso alto tecnologia gestão ambiental curso alto tecnologia saneamento ambiental bacharelar engenharia ambiental bacharelar engenharia ambiental sanitária bacharelar engenharia sanitária bachareladolicenciatura biologio ocupação ainda classificar
CNCT_31,CNCT,Técnico em Automação Industrial,técnico automação industrial técnico automação industrial habilitar desenvolver integrar solução sistema automação visar medição controle variável processo industrial considerar norma padrão requisito técnico qualidade saúde segurança meio ambiente empregar programa computação rede industrial controle processo industrial planejar controlar executar instalação manutenção equipamento automatizar eou sistema robotizar controle processo industrial realizar medição teste calibração equipamento eletroeletrônico empregar controle processo industrial instalar configurar operar tecnologia manufatura aditivo sistema ciberfísico processo produção Internet coisa reconhecer tecnologia inovadora presente segmento visar atender transformação digital sociedade realizar especificação projeto instalação medição teste diagnóstico calibração equipamento sistema automatizar executar procedimento controle qualidade operação gestão sistema automatizar controle processo atuação técnico automação industrial fundamental conhecimento saber relacionar processo planejamento implementação processo automatizar modo assegurar saúde segurança trabalhador usuário conhecimento saber relacionar sustentabilidade processo produtivo técnica processo produção norma técnico liderança equipe solução problema técnico trabalhista gestão conflito local ambiente trabalho indústria linha produção automatizar químico petroquímico exploração produção petróleo aeroespacial automobilística metalmecânico plástico empresa manutenção linha produção empresa integradoro sistema automação industrial fabricante máquina componente equipamento robotizar eou automatizado grupo pesquisa desenvolr projeto área sistema automatizar laboratório controle qualidade produto manufaturar empresa projeto representação venda sistema dispositivo aplicar automação sugestão qualificação profissional certificação intermediário curso técnico considerar ocupação prever cbo montador equipamento eletroeletrônico operador linha montagem equipamento eletroeletrônico reparador circuito eletrônico instrumentista industrial sugestão formação continuar curso especialização técnico póstécnico especialização técnico montagem instalação eletroeletrônico especialização técnico manutenção eletroeletrônico industrial especialização técnico sistema supervisório especialização técnico robótica industrial especialização técnico acionamento proteção controle especialização técnico eficiência energético edificação especialização técnico eficiência energético industrial especialização técnico energia solar fotovoltaico sugestão verticalização curso graduação curso alto tecnologia bacharelar licenciaturar curso alto tecnologia automação industrial curso alto tecnologia eletrônica industrial curso alto tecnologia eletrotécnica industrial curso alto tecnologia manutenção industrial curso alto tecnologia mecatrônica industrial curso alto tecnologia sistema elétrico bacharelar engenharia eletrônico bacharelar engenharia elétrico bacharelar engenharia automação controle bacharelar engenharia telecomunicação bacharelar engenharia mecatrônica bacharelar engenharia computação técnico automação industrial técnico sistema automação industrial
CNCT_32,CNCT,Técnico em Eletroeletrônica,técnico eletroeletrônica técnico eletroeletrônica habilitar planejar controlar executar instalação manutenção equipamento instalação eletroeletrônica industrial considerar norma padrão requisito técnico qualidade saúde segurança meio ambiente projetar instalar sistema acionamento Controles eletroeletrônico sistema automático instalação industrial aplicar medida uso eficiente energia elétrico fonte energia alternativo realizar medição teste calibração equipamento eletroeletrônico inspecionar componente produto serviço atividade profissional área eletroeletrônico reconhecer tecnologia inovadora presente segmento visar atendimento transformação digital implementado sociedade atuação técnico eletroeletrônica fundamental conhecimento saber relacionar processo planejamento implementação sistema eletroeletrônico modo assegurar saúde segurança trabalhador usuário conhecimento saber relacionar sustentabilidade processo produtivo técnica processo produção norma técnico liderança equipe solução problema técnico trabalhista gestão conflito local ambiente trabalho empresa atuar instalação manutenção comercialização utilização equipamento sistema eletroeletrônico grupo pesquisa desenvolr projeto área sistema eletroeletrônico laboratório controle qualidade calibração manutenção indústrio fabricação máquina componente equipamento eletroeletrônico sugestão qualificação profissional certificação intermediário curso técnico considerar ocupação prever cbo eletricista industrial instalador sistema eletroeletrônico industrial mantenedor sistema eletroeletrônico industrial projetista instalação elétrico predial projetista instalação elétrico industrial montador equipamento eletroeletrônico instalador sistema fotovoltaico sugestão formação continuar curso especialização técnico póstécnico especialização técnico acionamento proteção controle especialização técnico distribuição energia elétrico especialização técnico manutenção equipamento energia alternativo especialização técnico automação predial residencial especialização técnico sistema eletrônico embarcar especialização técnico sistema eletrônico potência especialização técnico sistema eletrônico veicular especialização técnico manutenção sistema comunicação especialização técnico eficiência energético edificação especialização técnico eficiência energético industrial especialização técnico energia solar fotovoltaico sugestão verticalização curso graduação curso alto tecnologia bacharelar licenciaturar curso alto tecnologia construção edifício curso alto tecnologia eletrônica industrial curso alto tecnologia eletrotécnica industrial curso alto tecnologia manutenção industrial curso alto tecnologia mecatrônica industrial curso alto tecnologia sistema elétrico bacharelar engenharia eletrônico bacharelar engenharia elétrico bacharelar engenharia automação controle bacharelar engenharia telecomunicação bacharelar engenharia mecatrônica bacharelar engenharia computação reparador equipamento elétrico eletrônico montador equipamento elétrico montador equipamento eletrônico
CNCT_33,CNCT,Técnico em Eletromecânica,técnico eletromecânica técnico eletromecânica habilitar planejar controlar executar instalação manutenção entrega técnico máquina equipamento eletromecânico industrial considerar norma padrão requisito técnico qualidade saúde segurança meio ambiente elaborar projeto produto relacionar máquina equipamento eletromecânico especificar material construção mecânico elétrico meio técnica usinagem Soldagem realizar inspeção visual dimensional teste sistema instrumento equipamento eletromecânico pneumático hidráulico máquina reconhecer tecnologia inovadora presente segmento visar atender transformação digital sociedade atuação técnico eletromecânica fundamental conhecimento saber relacionar processo planejamento produção manutenção equipamento eletromecânico modo assegurar saúde segurança trabalhador usuário conhecimento saber relacionar sustentabilidade processo produtivo técnica processo produção norma técnico liderança equipe solução problema técnico trabalhista gestão conflito local ambiente trabalho indústria linha produção automatizar aeroespacial automobilística metalmecânico plástico empresa manutenção reparo eletromecânico atuar instalação manutenção comercialização utilização equipamento sistema eletromecânico sugestão qualificação profissional certificação intermediário curso técnico considerar ocupação prever cbo eletricista predial baixo tensão eletromecânico manutenção elevador eletromecânico manutenção escada rolante eletromecânico manutenção porta automático mecânico manutenção máquina mecânico fabricação operador eletromecânico instalador sistema fotovoltaico sugestão formação continuar curso especialização técnico póstécnico especialização técnico programação operação máquina cnc especialização técnico usinagem especialização técnico desenho assistir computador cad especialização técnico manufatura assister computador car especialização técnico eficiência energético edificação especialização técnico eficiência energético industrial especialização técnico energia solar fotovoltaico especialização técnico energia eólico especialização técnico implantação comissionamento parque eólico especialização técnico instalação elétrico predial baixo tensão especialização técnico biocombustível especialização técnico Biogás biometano especialização técnico aproveitamento energético Biogás sugestão verticalização curso graduação curso alto tecnologia bacharelar licenciaturar curso alto tecnologia automação industrial curso alto tecnologia eletrônica industrial curso alto tecnologia eletrotécnica industrial curso alto tecnologia manutenção industrial curso alto tecnologia mecatrônica industrial curso alto tecnologia fabricação mecânico curso alto tecnologia processo metalúrgico bacharelar engenharia eletrônico bacharelar engenharia elétrico bacharelar engenharia automação controle bacharelar engenharia mecatrônica bacharelar engenharia mecânico bacharelar engenharia produção bacharelar engenharia metalúrgico auxiliar técnico instalação eletromecânico
CNCT_34,CNCT,Técnico em Eletrônica,técnico eletrônica técnico eletrônica habilitar planejar controlar executar projeto eletrônico dispositivo tecnologia relacionar área eletrônica analógico digital potência microcontrolar executar supervisionar instalação manutenção equipamento sistema eletrônico robotizar inclusive telemetria telecomunicação considerar norma padrão requisito técnico qualidade saúde segurança meio ambiente realizar medição teste calibração comissionamento equipamento eletrônico reconhecer tecnologia inovadora presente segmento visar atender transformação digital sociedade atuação técnico eletrônica fundamental conhecimento saber relacionar processo planejamento implementação sistema eletrônico modo assegurar saúde segurança trabalhador usuário conhecimento saber relacionar sustentabilidade processo produtivo técnica processo produção norma técnico liderança equipe solução problema técnico trabalhista gestão conflito local ambiente trabalho empresa atuar instalação manutenção informática produto eletrônico comercialização utilização equipamento sistema eletrônico robotizar grupo pesquisa laboratório desenvolr projeto área sistema eletrônico laboratório controle qualidade calibração manutenção concessionário prestador serviço eletrônica telecomunicação sugestão qualificação profissional certificação inermediário curso técnico considerar ocupação prever cbo montador equipamento eletroeletrônico operador linha montagem equipamento eletroeletrônico reparador circuito eletrônico eletrônico sistema industrial microcontrolar sugestão formação continuar curso especialização técnico póstécnico especialização técnico manutenção equipamento energia alternativo especialização técnico automação predial residencial industrial especialização técnico automação dispositivo telemetria telecomunicação especialização técnico automação predial domótico especialização técnico rede industrial especialização técnico acionamento servomotor industrial especialização técnico robótica industrial especialização técnico eficiência energético edificação especialização técnico eficiência energético industrial especialização técnico energia solar fotovoltaico sugestão verticalização curso graduação curso alto tecnologia bacharelar licenciaturar curso alto tecnologia automação industrial curso alto tecnologia eletrônica industrial curso alto tecnologia eletrotécnica industrial curso alto tecnologia manutenção industrial curso alto tecnologia mecatrônica industrial curso alto tecnologia sistema elétrico bacharelar engenharia eletrônico bacharelar engenharia elétrico bacharelar engenharia automação bacharelar engenharia telecomunicação bacharelar engenharia mecatrônica bacharelar engenharia computação técnico manutenção eletrônico técnico manutenção eletrônico circuito máquina comando numérico técnico eletrônico técnico manutenção equipamento informática
CNCT_35,CNCT,Técnico em Instrumentação Industrial,técnico instrumentação industrial técnico instrumentação industrial habilitar implantar configurar manter sistema instrumentação controle processo industrial elaborar desenvolver executar projeto instalação instrumento medição variável industrial acordo norma técnico ambiental saúde segurança trabalho qualidade realizar programação parametrização medição teste equipamento meio instrumentação industrial reconhecer tecnologia inovadora presente segmento visar atender transformação digital sociedade atuação técnico instrumentação industrial fundamental conhecimento saber relacionar processo planejamento implementação controle processo industrial meio instrumentação modo assegurar saúde segurança trabalhador conhecimento saber relacionar sustentabilidade processo produtivo técnica processo produção norma técnico liderança equipe solução problema técnico trabalhista gestão conflito local ambiente trabalho usina açúcar álcool fábrica fertilizante indústria químico farmacêutico borracha plástico têxtil celulose papel cimento alimentícia vidro automobilístico material construção siderúrgico metalúrgica mineração geração distribuição energia elétrico saneamento sugestão qualificação certificação intermediário curso técnico considerar ocupação previta cbo instalador sistema instrumentação mantenedor sistema instrumentação instrumentista industrial sugestão formação continuar curso especialização técnico póstécnico especialização técnico operação processo petroquímico especialização técnico operação processo industrial sugestão verticalização curso graduação curso alto tecnologia bacharelar licenciaturar curso alto tecnologia instrumentação industrial curso alto tecnologia eletrônica industrial curso alto tecnologia eletrotécnica industrial curso alto tecnologia manutenção industrial curso alto tecnologia mecatrônica industrial curso alto tecnologia sistema elétrico bacharelar engenharia elétrico bacharelar engenharia automação bacharelar engenharia telecomunicação bacharelar engenharia mecatrônica bacharelar engenharia computação bacharelar engenharia químico técnico instrumentação técnico calibração encarregar manutenção instrumento controle medição similar
CNCT_36,CNCT,Técnico em Mecatrônica,técnico mecatrônica técnico mecatrônica habilitar projetar instalar operar equipamento automatizado eou robotizar empregado processo manufatura considerar norma padrão requisito técnico qualidade saúde segurança meio ambiente realizar programação parametrização medição teste equipamento automatizar processo manufatura realizar integração equipamento mecânico eletrônico utilizar processo manufatura reconhecer tecnologia inovadora presente segmento visar atender transformação digital sociedade atuação técnico mecatrônica fundamental conhecimento saber relacionar planejamento implementação processo automatizar manufatura modo assegurar saúde segurança trabalhador usuário conhecimento saber relacionar sustentabilidade processo produtivo técnica processo produção norma técnico liderança equipe solução problema técnico trabalhista gestão conflito local ambiente trabalho indústria linha produção automatizar aeroespacial automobilística metalomecânico plástico empresa integradoro sistema automação industrial fabricante máquina componente equipamento robotizar startup pesquisa desenvolr projeto área sistema elétrico laboratório controle qualidade sugestão qualificação profissional certificação intermediário curso técnico considerar ocupação prever cbo consultor técnico robótica industrial vendedor técnico robótica industrial programador robô industrial sugestão formação continuar curso especialização técnico póstécnico especialização técnico programação operação máquina cnc especialização técnico controle automação especialização técnico sistema supervisório especialização técnico material especialização técnico cadcamcae especialização técnico eficiência energético edificação especialização técnico eficiência energético industrial especialização técnico energia solar fotovoltaico especialização técnico biocombustível especialização técnico Biogás biometano especialização técnico aproveitamento energético Biogás sugestão verticalização curso graduação curso alto tecnologia bacharelar licenciaturar curso alto tecnologia automação industrial curso alto tecnologia eletrônica industrial curso alto tecnologia eletrotécnica industrial curso alto tecnologia manutenção industrial curso alto tecnologia mecatrônica industrial curso alto tecnologia fabricação mecânico curso alto tecnologia processo metalúrgico curso alto tecnologia sistema elétrico bacharelar engenharia eletrônico bacharelar engenharia elétrico bacharelar engenharia automação controle bacharelar engenharia telecomunicação bacharelar engenharia computação bacharelar engenharia mecânico bacharelar engenharia metalúrgico técnico mecatrônica automação manufatura técnico mecatrônica robótico
CNCT_37,CNCT,Técnico em Manutenção Aeronáutica em Aviônicos,técnico manutenção aeronáutico aviônico técnico manutenção aeronática aviônico habilitar programar controlar executar manutenção preventivo corretivo sistema elétrico eletrônico navegação comunicação monitoramento controle aeronave atender norma padrão técnico qualidade saúde segurança meio ambiente aplicar procedimento manual fabricante publicação técnico norma nacional internacional setor aeronáutico diagnosticar condição instrumento compor aeronave fazer teste comissionamento performance equipamento aeronave indicar processo manutenção ser executar revisão aeronave bem orientar balizamento aeronave atuação técnico manutenção aeronática aviônico fundamental conhecimento saber relacionar processo planejamento manutenção aeronave modo assegurar saúde segurança trabalhador usuário conhecimento saber relacionar sustentabilidade processo produtivo técnica processo manutenção aviação norma técnico constante atenção atualização presente setor aviação liderança equipe solução problema técnico trabalhista gestão conflito local ambiente trabalho empresa aéreo oficina manutenção aeronáutico força armado indústria produto aeronáutico montadora aeronave escola centro instrução aviação empresa prestar serviço aéreo especializados aviação offshore agrícola outro sugestão qualificação profissional certificação intermediário curso técnico considerar ocupação prever cbo agente peso balanceamento aeronave operador abastecimento aeronave eletricista instalação aeronave mecânico montador motor aeronave sugestão formação continuar curso especialização técnico póstécnico especialização técnico sistema analógico digital especialização técnico reparação circuito eletrônico especialização técnico logística gestão manutenção especialização técnico regulamentação aeronáutico sugestão verticalização curso graduação curso alto tecnologia bacharelar licenciaturar curso alto tecnologia manutenção aeronave bacharelar engenharia aeronáutico bacharelar engenharia elétrico bacharelar engenharia telecomunicação bacharelar engenharia mecatrônica bacharelar engenharia mecânico bacharelar engenharia computação técnico aeronáutico técnico manutenção aeronave técnico manutenção aeronave geral mecânico manutenção helicóptero
CNCT_38,CNCT,Técnico em Manutenção Aeronáutica em Célula,técnico manutenção aeronáutico célula técnico manutenção aeronático célula habilitar programar controlar executar manutenção preventivo corretivo aeronave aplicar procedimento manual fabricante publicação técnico norma nacional internacional setor aeronáutico identificar sequência adequado atividade desmontagem montagem aeronave atender norma padrão técnico qualidade saúde segurança meio ambiente diagnosticar condição operação diferentes parte aeronave realizar inspeção visual fazer teste comissionamento performance equipamento manter célula aeronave condição disponibilidade voo coordenar tarefa limpeza lubrificação pequeno reparo desmontagem montagem substituição testagem regulagem peça equipamento sistema reparar estrutura aeronave atender norma padrão técnico qualidade saúde segurança meio ambiente realizar manutenção sistema tr pouso hidráulico pneumático comando voo interior aeronave atuação técnico manutenção aeronático célula fundamental conhecimento saber relacionar processo planejamento manutenção aeronave modo assegurar saúde segurança trabalhador usuário conhecimento saber relacionar sustentabilidade processo produtivo conhecimento saber relacionar técnica processo manutenção aviação norma técnico constante atenção atualização presente setor aviação liderança equipe solução problema técnico trabalhista gestão conflito local ambiente trabalho empresa aéreo oficina manutenção aeronáutico força armado indústria produto aeronáutico montadora aeronave escola centro instrução aviação empresa prestar serviço aéreo especializados aviação offshore agrícola outro sugestão qualificação profissional certificação intermediário curso técnico considerar ocupação prever cbo agente peso balanceamento aeronave operador abastecimento aeronave chapeador aeronave instalador tubulação aeronave montador estrutura aeronave mecânico montador motor aeronave sugestão formação continuar curso especialização técnico póstécnico especialização técnico material compósito especialização técnico sistema hidráulico pneumático especialização técnico regulamentação aeronáutico especialização técnico Soldagem especialização técnico projeto mecânico sugestão verticalização curso graduação curso alto tecnologia bacharelar licenciaturar curso alto tecnologia manutenção aeronave bacharelar engenharia aeronáutico bacharelar engenharia elétrico bacharelar engenharia telecomunicação bacharelar engenharia mecatrônica bacharelar engenharia mecânico bacharelar engenharia computação técnico aeronáutico técnico manutenção aeronave técnico manutenção aeronave geral mecânico manutenção helicóptero mecânico manutenção sistema hidráulico aeronave
CNCT_39,CNCT,Técnico em Manutenção Aeronáutica em Grupo Motopropulsor,técnico manutenção aeronáutico grupo motopropulsor técnico manutenção aeronáutica grupo motopropulsor habilitar programar controlar executar manutenção preventivo corretivo motopropulsor aeronave aplicar procedimento manual fabricante publicação técnico norma nacional internacional setor aeronáutico identificar sequência adequado atividade desmontagem montagem motopropulsor aeronave atender norma padrão técnico qualidade saúde segurança meio ambiente diagnosticar condição operação diferentes parte motopropulsor aeronave realizar inspeção visual fazer teste comissionamento performance motopropulsor manter aeronave condição disponibilidade voo coordenar tarefa limpeza lubrificação pequeno reparo desmontagem montagem substituição testagem regulagem peça equipamento sistema motopropulsor reparar estrutura aeronave atender norma padrão técnico qualidade saúde segurança meio ambiente realizar manutenção sistema tr pouso hidráulico pneumático comando voo interior aeronave realizar inspeção visual grupo motopropulsor visar reconhecimento anomalia reparar motor convencional reação acordo ordem serviço atuação técnico manutenção aeronáutica grupo motopropulsor fundamental conhecimento saber relacionar processo planejamento manutenção motopropulsor aeronave modo assegurar saúde segurança trabalhador usuário conhecimento saber relacionar sustentabilidade processo produtivo técnica processo manutenção aviação norma técnico constante atenção atualização presente setor aviação liderança equipe solução problema técnico trabalhista gestão conflito local ambiente trabalho empresa aéreo oficina manutenção aeronáutico força armado indústria produto aeronáutico montadora aeronave escola centro instrução aviação empresa prestar serviço aéreo especializados aviação offshore agrícola outro sugestão qualificação profissional certificação intermediário curso técnico considerar ocupação prever cbo operador abastecimento aeronave chapeador aeronave instalador tubulação aeronave montador estrutura aeronave mecânico montador motor aeronave sugestão formação continuar curso especialização técnico póstécnico especialização técnico inspeção aeronave especialização técnico motor aeronáutico especialização técnico hélice propulsão especialização técnico regulamentação aeronáutico sugestão verticalização curso graduação curso alto tecnologia bacharelar licenciaturar bacharelar engenharia aeronáutico bacharelar engenharia elétrico bacharelar engenharia telecomunicação bacharelar engenharia mecatrônica bacharelar engenharia mecânico bacharelar engenharia computação técnico aeronáutico técnico manutenção aeronave técnico manutenção aeronave geral mecânico manutenção helicóptero
CNCT_40,CNCT,Técnico em Manutenção Automotiva,técnico manutenção automotivo técnico manutenção automotivo habilitar programar controlar executar plano manutenção preventivo veículo automotor seguir norma técnico respectivo fabricante executar manutenção preventivo corretivo acordo diagnóstico sistema elétrico mecânico veículo automotor ciclo otto ear diesel meio ferramenta instrumento medição atender norma padrão técnico qualidade saúde segurança meio ambiente controlar emissão gase poluente reparar defeito eletrônico uso dispositivo teste ear scanner identificar conformidade documentação legal permitir veículo apto utilizar via público reconhecer tecnologia inovadora presente segmento tal veículo elétrico híbrido reconhecer tecnologia inovadora presente segmento visar atender transformação digital sociedade atuação técnico manutenção automotivo fundamental conhecimento saber relacionar processo manutenção veículo automotivo modo assegurar saúde segurança trabalhador usuário conhecimento saber relacionar sustentabilidade processo norma técnico liderança equipe solução problema técnico trabalhista gestão conflito local ambiente trabalho montadora veículo concessionária revenda oficina mecânico empresa fabricação comercialização equipamento acessório peça automóvel setor instalação equipamento dispositivo acessório veículo automotivo empresa vistoria certificação veicular autoelétrico seguradora perito autopeça motopeça oficina chapeação repintura automotivo oficina motocicleta oficina preparação customização automotivo força aéreo brasileiro sugestão qualificação profissional certificação intermediário curso técnico considerar ocupação prever cbo eletromecânico automóvel instalador acessório automotivo mecânico transmissão automático automotivo mecânico transmissão manual automotivo mecânico manutenção motocicleta sugestão formação continuar curso especialização técnico póstécnico especialização técnico eletrônica veicular especialização técnico manutenção viatura especialização técnico transmissão automatizar especialização técnico carro elétrico sugestão verticalização curso graduação curso alto tecnologia bacharelar licenciaturar curso alto tecnologia eletrônica curso alto tecnologia automação bacharelar engenharia mecânico técnico automobilística técnico manutenção sistema instrumento
CNCT_41,CNCT,Técnico em Manutenção de Máquinas Industriais,técnico manutenção máquina industrial técnico manutenção máquina industrial habilitar planejar controlar executar atividade relativo manutenção mecânico nível preventivo preditivo corretivo realizar confecção peça componente mecânico manutenção máquina equipamento desenvolver projeto dedicar manutenção mecânico atuar manutenção sistema automatizar máquina equipamento industrial atender norma padrão técnico qualidade saúde segurança meio ambiente reconhecer tecnologia inovadora presente segmento visar atender transformação digital sociedade atuação técnico manutenção máquina industrial fundamental conhecimento saber relacionar processo manutenção equipamento mecânico construção modo assegurar saúde segurança trabalhador usuário conhecimento saber relacionar sustentabilidade processo produtivo norma técnico liderança equipe solução problema técnico trabalhista tomar decisão gestão conflito local ambiente trabalho indústria diferentes porte segmento nível tecnológico fábrica máquina equipamento componente mecânico indústria aeroespacial automobilística metalmecânico manutenção reparo geração energia siderúrgico outro sugestão qualificação profissional certificação intermediário curso técnico considerar ocupação prever cbo mecânico máquina costura mecânico máquina calçado mecânico tear mecânico máquina malharia mecânico máquina usinagem mecânico máquina industrial mecânico bomba hidráulico mecânico bomba centrífugo mecânico compressor mecânico máquina gráfico mecânico equipamento mineração sugestão formação continuar curso especialização técnico póstécnico especialização técnico hidráulica pneumático especialização técnico motor especialização técnico material especialização técnico usinagem especialização técnico lubrificação especialização técnico manutenção preditivo especialização técnico ensaio mecânico metalúrgico especialização técnico software gerenciamento manutenção especialização técnico eficiência energético edificação especialização técnico eficiência energético industrial sugestão verticalização curso graduação curso alto tecnologia bacharelar licenciaturar curso alto tecnologia fabricação mecânico curso alto tecnologia manutenção industrial curso alto tecnologia processo metalúrgico bacharelar engenharia mecânico bacharelar engenharia metalúrgico bacharelar engenharia produção mecânico manutenção máquina geral técnico manutenção máquina
CNCT_42,CNCT,Técnico em Manutenção de Máquinas Navais,técnico manutenção máquina naval técnico manutenção máquina naval habilitar planejar controlar executar tarefa manutenção instalação máquina naval equipamento eletrohidráulico refrigeração motor combustão interno turbina gás caldeira navio elaborar documentação técnico atividade operacional interpretar informação sensor medida físico térmico mecânico recuperar componente motor equipamento naval comissionar motor equipamento utilizar requisito sistema qualidade preservação ambiental atuação técnico manutenção máquina naval fundamental conhecimento saber relacionar processo planejamento manutenção máquina naval modo assegurar saúde segurança usuário conhecimento saber relacionar sustentabilidade processo recuperação peça técnica norma técnico liderança equipe solução problema técnico trabalhista gestão conflito local ambiente trabalho oficina construção manutenção reparo navio estaleiro empresa inspeção técnico companhia seguro classificadora navio sugestão qualificação profissional certificação intermediáriasnor curso técnico considerar ocupação prever cbo mecânico manutenção motor equipamento naval sugestão formação continuar curso especialização técnico póstécnico especialização técnico eletrônica naval sugestão verticalização curso graduação curso alto tecnologia bacharelar licenciaturar curso alto tecnologia construção naval curso alto tecnologia fabricação mecânico bacharelar engenharia naval bacharelar engenharia mecânico técnico mecânico naval mecânico manutenção motor equipamento naval
CNCT_43,CNCT,Técnico em Manutenção de Máquinas Pesadas,técnico manutenção máquina pesar técnico manutenção máquina pesar habilitar planejar controlar executar atividade relativo manutenção máquina pesar automotora sobre pneu esteira realizar atividade inspeção atualização tecnológico elaboração plano manutenção projeto máquina pesar planejar controlar executar procedimento desmontagem montagem medição lubrificação ensaio sistema mecânico automatizar máquina pesar atender norma padrão técnico qualidade saúde segurança meio ambiente executar instalação acessório equipamento máquina pesar atuação técnico manutenção máquina pesar fundamental conhecimento saber relacionar processo manutenção equipamento mecânico pesar construção modo assegurar saúde segurança trabalhador usuário conhecimento saber relacionar sustentabilidade processo produtivo norma técnico liderança equipe solução problema técnico trabalhista tomar decisão gestão conflito local ambiente trabalho montadora máquina pesar concessionária revenda oficina mecânico empresa fabricação comercialização equipamento acessório peça máquina pesar implemento máquina agrícola setor manutenção empresa área agrícola geral setor instalação equipamento dispositivo acessório máquina pesar sugestão qualificação profissional certificação intermediário curso técnico considerar ocupação prever cbo mecânico transmissão veículo rodoviário pesar mecânico sistema freio suspensão direção veículo rodoviário pesar mecânico manutenção veículo pesar rodoviário mecânico manutenção veículo agrícola mecânico máquina usinagem mecânico máquina industrial ajustador mecânico sugestão formação continuar curso especialização técnico póstécnico especialização técnico mecânica sistema hidráulico especialização técnico mecânica motor diesel especialização técnico eletrônica embarcar equipamento pesar especialização técnico inspeção veículo pesar sugestão verticalização curso graduação curso alto tecnologia bacharelar licenciaturar curso alto tecnologia manutenção industrial curso alto tecnologia fabricação mecânico bacharelar engenharia mecânico mecânico manutenção aparelho levantamento mecânico manutenção equipamento mineração mecânico manutenção máquina agrícola mecânico manutenção máquina construção terraplenagem mecânico manutenção trator
CNCT_44,CNCT,Técnico em Manutenção de Sistemas Metroferroviários,técnico manutenção sistema metroferroviário técnico manutenção sistema metroferroviário habilitar planejar controlar executar atividade relativo manutenção mecânico nível preventivo preditivo corretivo componente vagão locomotivo máquina metroferroviária planejar controlar executar fabricação montagem peça componente vagão locomotivo máquina metroferroviário realizar reforma teste comissionamento performance equipamento metroferroviário especificar equipamento insumo processo manutenção metroferroviár atender norma padrão técnico qualidade saúde segurança meio ambiente realizar medição teste calibração comissionamento equipamento eletrônico empregar locomotivo máquina metroferroviário instalar configurar equipamento eou instrumento destinar automação locomotiva máquina metroferroviário atuar manutenção sistema automatizar componente vagão locomotivo máquina metroferroviário atender norma padrão técnico qualidade saúde segurança meio ambiente reconhecer tecnologia empregar sistema sinalização malha metroferroviária reconhecer tecnologia inovadora presente segmento visar atender transformação digital sociedade atuação técnico manutenção sistema metroferroviário fundamental conhecimento saber relacionar processo manutenção sistema metroferroviário construção modo assegurar saúde segurança trabalhador usuário conhecimento saber relacionar sustentabilidade processo produtivo norma técnico liderança equipe solução problema técnico trabalhista tomar decisão gestão conflito local ambiente trabalho concessionária instituição sistema metroferroviário órgão controle regulação empresa projeto fabricação manutenção consultorio setor metroferroviário sugestão qualificação profissional certificação intermediário curso técnico considerar ocupação prever cbo mantenedor ferroviário via permanente mecânico locomotivo vagão sugestão formação continuar curso especialização técnico póstécnico especialização técnico sinalização ferroviário especialização técnico infraestrutura ferroviário especialização técnico operação ferroviário especialização técnico Soldagem especialização técnico manutenção motor gerador sugestão verticalização curso graduação curso alto tecnologia bacharelar licenciaturar curso alto tecnologia automação industrial bacharelar engenharia mecânico bacharelar engenharia eletrônico bacharelar engenharia automação bacharelar engenharia ferroviário metroviária mecânico manutenção veículo ferroviário
CNCT_45,CNCT,Técnico em Fabricação Mecânica,técnico fabricação mecânico técnico fabricação mecânico habilitar desenvolver projeto planejar supervisionar controlar atividade fundição usinagem convencional computadorizado caldeiraria soldagem processo conformação mecânico interpretar desenho técnico selecionar desenvolver especicar ferramental processo produtivo executar ensaio mecânico especicar material insumo aplicar processo fabricação mecânico controlar estoque produto acabar atuação técnico fabricação mecânico fundamental conhecimento saber relacionar processo planejamento operação atribuição área modo assegurar saúde segurança trabalhador futuro usuário operador empresa processo transformação fabricação mecânico conhecimento saber relacionar sustentabilidade processo produtivo norma relatório técnico legislação área novo tecnologia relacionar indústria liderança equipe solução problema técnico gestão conflito local ambiente trabalho fábrica máquina equipamento componente mecânico indústria aeroespacial indústria automobilístico metalmecânico indústria siderúrgico ocino mecânico geral fábrica item seriar sugestão qualificação profissional certificação intermediário curso técnico considerar ocupação prever cbo instalador acessório automotivo eletromecânico automóvel eletricista veículo transporte carga passageiro operador torno comando numérico funileiro industrial sugestão formação continuar curso especialização técnico póstécnico especialização técnico usinagem cnc especialização técnico usinagem convencional especialização técnico ensaio mecânico especialização técnico projeto desenho mecânico especialização técnico planejamento programação produção avançar especialização técnico implantação comissionamento parque eólico sugestão verticalização curso graduação curso alto tecnologia bacharelar licenciaturar curso alto tecnologia fabricação mecânico curso alto tecnologia processo metalúrgico bacharelar engenharia mecânico bacharelar engenharia produção mecânico bacharelar engenharia metalúrgico técnico mecânico fabricação ferramenta técnico mecânico manutenção ferramenta técnico processo fabricação técnico caldeiraria
CNCT_46,CNCT,Técnico em Ferramentaria,técnico ferramentar técnico ferramentaria habilitar elaborar desenvolver executar projeto estampo fabricação peça processo conformação metal molde fabricação produto polimérico dispositivo gabarito programar controlar executar processo manutenção molde injeção ear sopro estampo acordo norma técnico ambiental saúde segurança trabalho qualidade zelar atendimento questão ambiental específico relacionar processamento material polimérico chapa metálico controlar defeito garantir qualidade produto fabricar partir matériasprima polimérico chapa metálico simular processo injeção polímero conformação chapa utilização software específico reconhecer tecnologia inovadora presente segmento visar atender transformação digital sociedade atuação técnico ferramentaria fundamental conhecimento saber relacionar processo planejamento confecção manutenção molde estampo modo assegurar saúde segurança trabalhador futuro usuário conhecimento saber relacionar sustentabilidade processo produtivo técnica processo produção norma técnico liderança equipe solução problema técnico trabalhista gestão conflito local ambiente trabalho empresa área automobilístico metalúrgica máquina equipamento embalagem fabricante componente construção civil jardinagem linha branco eletrodoméstico indústria borracha plástico sugestão qualificação profissional certificação intermediário curso técnico considerar ocupação prever cbo ferramenteiro estampo ferramenteiro molde injeção sugestão formação continuar curso especialização técnico póstécnico especialização técnico projeto molde injeção especialização técnico projeto estampo especialização técnico processo sopro especialização técnico processo injeção alumínio especialização técnico usinagem cnc especialização técnico programação cadcamcaer sugestão verticalização curso graduação curso alto tecnologia bacharelar licenciaturar curso alto tecnologia fabricação mecânico curso alto tecnologia material bacharelar engenharia mecânico ferramenteiro ferramenteiro mandri calibrador outro dispositivo
CNCT_47,CNCT,Técnico em Fundição,técnico fundição técnico fundição habilitar elaborar desenvolver executar projeto molde fundição metal respeitar procedimento norma técnico qualidade saúde segurança meio ambiente realizar gestão etapa fusão beneficiamento material ferroso ferroso processo fundição elaborar ensaio anális química metal empregado processo fundição zelar atendimento questão ambiental específico relacionar processamento fundição metal controlar defeito garantir qualidade produto fabricar simular processo fundição utilização software específico reconhecer tecnologia inovadora presente segmento visar atender transformação digital sociedade atuação técnico fundição fundamental conhecimento saber relacionar processo planejamento controle processo fundição modo assegurar saúde segurança trabalhador futuro usuário conhecimento saber relacionar sustentabilidade processo produtivo técnica processo produção norma técnico liderança equipe solução problema técnico trabalhista gestão conflito local ambiente trabalho empresa siderúrgico fundição metalurgio empresa comercialização insumo máquina material fundição sugestão qualificação profissional certificação intermediário curso técnico considerar ocupação prever cbo modelador areia marceneiro modelista sugestão formação continuar curso especialização técnico póstécnico especialização técnico fundição metal precioso especialização técnico confecção molde fundição sugestão verticalização curso graduação curso alto tecnologia bacharelar licenciaturar curso alto tecnologia metalurgia curso alto tecnologia design produto bacharelar engenharia material técnico fundição siderurgia modelador Madeira polidor metal operador acabamento peça fundir operador máquina centrifugador fundição operador equipamento preparação areia forneiro operador refino metal nãoferroso forneiro fundição forno redução
CNCT_48,CNCT,Técnico em Mecânica,técnico mecânica técnico mecânica habilitar programar controlar executar processo fabricação mecânico máquina equipamento mecânico atender norma padrão técnico qualidade saúde segurança meio ambiente planejar aplicar controlar procedimento instalação manutenção inspeção mecânico máquina equipamento elaborar projeto produto relacionar máquina equipamento mecânico especificar material construção mecânico meio técnica usinagem Soldagem conformação mecânico realizar inspeção visual dimensional teste sistema instrumento equipamento mecânico pneumático hidráulico eletromecânico máquina reconhecer tecnologia inovadora presente segmento visar atender transformação digital sociedade atuação técnico mecânica fundamental conhecimento saber relacionar processo planejamento produção manutenção equipamento mecânico modo assegurar saúde segurança trabalhador usuário conhecimento saber relacionar sustentabilidade processo produtivo técnica processo produção norma técnico liderança equipe solução problema técnico trabalhista gestão conflito local ambiente trabalho indústria alimento bebida instrumento médicohospitalar têxtil artigo borracha plástico produto químico Metalmecânica máquina equipamento aeroespacial automobilístico instrumento medida sugestão qualificação profissional certificação intermediário curso técnico considerar ocupação prever cbo desenhista mecânico fresador mecânico mecânico bomba centrífugo mecânico bomba hidráulico mecânico instrumento precisão mecânico máquina usinagem mecânico máquina industrial programador manutenção torneiro mecânico instalador sistema fotovoltaico sugestão formação continuar curso especialização técnico póstécnico especialização técnico usinagem cnc especialização técnico ensaio mecânico especialização técnico mecânica automotivo especialização técnico eficiência energético edificação especialização técnico eficiência energético industrial especialização técnico implantação comissionamento parque eólico especialização técnico biocombustível especialização técnico Biogás biometano especialização técnico aproveitamento energético Biogás sugestão verticalização curso graduação curso alto tecnologia bacharelar licenciaturar curso alto tecnologia fabricação mecânico curso alto tecnologia processo metalúrgico bacharelar engenharia mecânico bacharelar engenharia produção mecânico bacharelar engenharia metalúrgico técnico mecânico técnico mecânica precisão técnico manutenção instrumento medição precisão
CNCT_49,CNCT,Técnico em Mecânica de Precisão,técnico mecânica precisão técnico mecânica precisão habilitar programar controlar executar atividade desmontagem montagem sistema mecânico precisão planejar processo manutenção máquina equipamento mecânico precisão respeitar procedimento norma técnico qualidade saúde segurança meio ambiente diagnosticar condição elemento máquina compor sistema mecânico precisão indicar processo fabricação mecânico tolerância dimensional adequado projeto máquina equipamento mecânico precisão realizar inspeção visual dimensional teste sistema mecânico precisão instrumento equipamento mecânico pneumático hidráulico eletromecânico máquina reconhecer tecnologia inovadora presente segmento visar atender transformação digital sociedade atuação técnico mecânica precisão fundamental conhecimento saber relacionar processo planejamento produção manutenção dispositivo precisão modo assegurar saúde segurança trabalhador usuário conhecimento saber relacionar sustentabilidade processo produtivo técnica processo produção norma técnico liderança equipe solução problema técnico trabalhista gestão conflito local ambiente trabalho indústria alimento bebida instrumento médicohospitalar têxtil artigo borracha plástico produto químico metalmecânica máquina equipamento aparelho material elétrico equipamento instrumentação aeroespacial automobilística instrumento musical instrumento medida sugestão qualificação profissional certificação intermediário curso técnico considerar ocupação previr cbo mecânico instrumento precisão ajustador instrumento precisão montador instrumento precisão supervisor mecânica precisão operador torno comando numérico computadorizar cnc sugestão formação continuar curso especialização técnico póstécnico especialização técnico usinagem comando numérico computadorizar cnc especialização técnico controle automação sugestão verticalização curso graduação curso alto tecnologia bacharelar licenciaturar curso alto tecnologia mecânica precisão bacharelar engenharia automação controle bacharelar engenharia mecânico técnico mecânica precisão técnico manutenção instrumento medição precisão
CNCT_50,CNCT,Técnico em Metalurgia,técnico metalurgia técnico metalurgia habilitar realizar gestão etapa obtenção transformação material ferroso ferroso elaborar ensaio anális química metal liga respeitar procedimento norma técnico qualidade saúde segurança meio ambiente controlar execução processo metalúrgico transformação térmico mecânico material interpretar desenvolver projeto meio técnica usinagem Soldagem reconhecer tecnologia inovadora presente segmento visar atender transformação digital sociedade reconhecer processo manufatura aditivo empregar metalurgia atuação técnico metalurgia fundamental conhecimento saber relacionar processo produção metal modo assegurar saúde segurança trabalhador conhecimento saber relacionar sustentabilidade processo produtivo conhecimento saber relacionar técnica processo produção metalurgia norma técnico liderança equipe solução problema técnico trabalhista gestão conflito local ambiente trabalho empresa metalúrgico siderúrgico metalmecânico empresa automobilístico naval petrolífera extração beneficiamento minério tratamento superfície fundição construção mecânico controle qualidade força aéreo brasileiro sugestão qualificação profissional certificação intermediário curso técnico considerar ocupação prever cbo carregador forno segundo fusão reaquecimento forneiro forno revérbero forneiro metal ferroso nãoferroso preparação liga forneiro têmpera operador forno espera operador revérbero preparador liga metalurgia sugestão formação continuar curso especialização técnico póstécnico especialização técnico metalografia especialização técnico ensaio destrutivo destrutivo especialização técnico tratamento térmico especialização técnico soldagem inspeção especialização técnico conformação mecânico sugestão verticalização curso graduação curso alto tecnologia bacharelar licenciaturar curso alto tecnologia processo metalúrgico curso alto tecnologia fabricação mecânico bacharelar engenharia metalúrgico bacharelar engenharia material bacharelar engenharia químico bacharelar engenharia mecânico técnico planejamento indústria metalúrgicar Soldagem técnico acabamento siderurgia técnico aciaria siderurgia técnico laminação siderurgia técnico redução siderurgia primeiro fusão técnico refratário siderurgia
CNCT_51,CNCT,Técnico em Metrologia,técnico metrologia técnico metrologia habilitar planejar controlar executar manutenção sistema equipamento método padrão medição controlar assegurar qualidade correto funcionamento instrumento medição medida materializar empregar técnica conceito metrológico indústria setor serviço supervisionar realizar perícia metrológico campo metrologia legal realizar ensaio instrumento medição usar indústria calibração padrão área acústico vibração mecânico elétrico telecomunicação térmico químico material óptica vazão temperaturo pressão nível atender norma padrão técnico qualidade saúde segurança meio ambiente reconhecer tecnologia inovadora presente segmento visar atender transformação digital sociedade atuação técnico metrologia fundamental conhecimento saber relacionar processo planejamento manutenção instrumento medição modo assegurar saúde segurança trabalhador consumidor conhecimento saber relacionar sustentabilidade processo produtivo técnica processo calibração norma técnico liderança equipe solução problema técnico trabalhista gestão conflito local ambiente trabalho indústria instituição operar qualidade medição organismo acreditador avaliação conformidade laboratório controle qualidade manutenção pesquisa desenvolvimento sistema medição planejamento desenvolvimento sistema controle automação entidade certificação produto laboratório universidade instituição pesquisa rede metrológico instituto peso medida sugestão qualificação profissional certificação intermediário curso técnico considerar ocupação prever cbo mecânico instrumento precisão assistente controle qualidade sugestão formação continuar curso especialização técnico póstécnico especialização técnico calibração instrumento sugestão verticalização curso graduação curso alto tecnologia bacharelar licenciaturar curso alto tecnologia mecânica precisão bacharelar engenharia mecânico técnico calibração metrologista agente fiscal qualidade agente fiscal metrológico
CNCT_52,CNCT,Técnico em Soldagem,técnico soldagem técnico soldagem habilitar planejar coordenar execução atividade soldagem estrutura metálico tubulação industrial respeitar procedimento norma técnico qualidade saúde segurança meio ambiente elaborar ensaio destrutivo destrutivo produto soldado selecionar processo Soldagem corte calibrar máquina indicar consumível utilizar processo Soldagem corte manual automatizado meio eletrodo revestir tig mig mag oxigás arco submerso brasagem plasma reconhecer tecnologia inovadora presente segmento visar atender transformação digital sociedade atuação técnico soldagem fundamental conhecimento saber relacionar processo Soldagem modo assegurar saúde segurança trabalhador bem assegurar qualidade projeto soldado conhecimento saber relacionar sustentabilidade processo produtivo técnica processo soldagem norma técnico liderança equipe solução problema técnico trabalhista gestão conflito local ambiente trabalho indústria petrolífero petroquímica caldeirario indústria papel celulose indústria metalúrgico indústria metalmecânico indústria naval construção civil indústria automobilístico indústria transformação sugestão qualificação profissional certificação intermediário curso técnico considerar ocupação prever cbo operador solda arco submerso operador programador sistema automatizar Soldagem soldador processo arame tubular aço Carbono soldador processo eletrodo revestido aço Carbono soldador processo migmag aço Carbono soldador processo tig aço Carbono soldador processo oxiacetilênico sugestão formação continuar curso especialização técnico póstécnico especialização técnico material metálico especialização técnico inspeção equipamento especialização técnico tratamento térmico especialização técnico processo Soldagem especialização técnico ensaio destrutivo especialização técnico ensaio destrutivo sugestão verticalização curso graduação curso alto tecnologia bacharelar licenciaturar curso alto tecnologia fabricação mecânico curso alto tecnologia processo metalúrgico bacharelar engenharia mecânico bacharelar engenharia metalúrgico bacharelar engenharia material técnico planejamento indústria metalúrgicar Soldagem brasador operador máquina soldar oxicortador mão máquina soldador oxigás soldador elétrico
CNCT_53,CNCT,Técnico em Eletrotécnica,técnico eletrotécnica técnico eletrotécnica habilitar planejar controlar executar instalação manutenção sistema instalação elétrico industrial predial residencial considerar norma padrão requisito técnico qualidade saúde segurança meio ambiente elaborar desenvolver projeto instalação elétrico industrial predial residencial sistema acionamento elétrico automação industrial infraestrutura sistema telecomunicação edificação aplicar medida uso eficiente energia elétrico fonte energético alternativa elaborar desenvolver programação parametrização sistema acionamento eletrônico industrial planejar executar instalação manutenção sistema aterramento descarga atmosférico edificação residencial comercial industrial reconhecer tecnologia inovadora presente segmento visar atender transformação digital sociedade atuação técnico eletrotécnica fundamental conhecimento saber relacionar processo planejamento implementação sistema elétrico modo assegurar saúde segurança trabalhador usuário conhecimento saber relacionar sustentabilidade processo produtivo técnica processo produção norma técnico liderança equipe solução problema técnico trabalhista gestão conflito local ambiente trabalho empresa geração transmissão distribuição energia elétrico atuar instalação manutenção comercialização utilização equipamento sistema elétrico grupo pesquisa desenvolr projeto área sistema elétrico laboratório controle qualidade calibração manutenção indústria fabricação máquina componente equipamento elétrico concessionária prestador serviço telecomunicação sugestão qualificação profissional certificação intermediário curso técnico considerar ocupação prever cbo instalador sistema elétrico predial instalador sistema elétrico industrial instalador sistema elétrico potência instalador sistema acionamento elétrico instalador sistema automação industrial instalador sistema fotovoltaico inspetor qualidade sistema elétrico sugestão formação continuar curso especialização técnico póstécnico especialização técnico automação predial domótico especialização técnico rede industrial especialização técnico acionamento servomotor industrial especialização técnico eficiência energético edificação especialização técnico eficiência energético industrial especialização técnico energia solar fotovoltaico especialização técnico implantação comissionamento parque eólico especialização técnico biocombustível especialização técnico Biogás biometano especialização técnico aproveitamento energético Biogás sugestão verticalização curso graduação curso alto tecnologia bacharelar licenciaturar curso alto tecnologia automação industrial curso alto tecnologia eletrônica industrial curso alto tecnologia eletrotécnica industrial curso alto tecnologia manutenção industrial curso alto tecnologia mecatrônica industrial curso alto tecnologia sistema elétrico bacharelar engenharia eletrônico bacharelar engenharia elétrico bacharelar engenharia automação controle bacharelar engenharia telecomunicação bacharelar engenharia mecatrônica bacharelar engenharia computação eletrotécnico eletrotécnico produção energia eletrotécnico fabricação montagem instalação máquina equipamento técnico manutenção elétrico técnico manutenção elétrico máquina técnico eletricista desenhista projetistar eletricidade
CNCT_54,CNCT,Técnico em Refrigeração e Climatização,técnico refrigeração climatização técnico refrigeração climatização habilitar planejar controlar executar instalação manutenção equipamento refrigeração climatização residencial comercial industrial seguir legislação vigente norma técnico ambiental saúde segurança trabalho utilizar bom prática avaliar dimensionar máquina equipamento utilização projeto instalação refrigeração climatização reconhecer tecnologia inovadora presente segmento visar eficiência energético bemestar usuário atuação técnico refrigeração climatização fundamental conhecimento saber relacionar processo instalação manutenção aparelho refrigeração climatização modo assegurar saúde segurança usuário conhecimento saber relacionar sustentabilidade processo técnica processo manuseio gase norma técnico liderança equipe solução problema técnico trabalhista gestão conflito local ambiente trabalho estabelecimento comercial oficina refrigeração residencial empresa comercialização assistência técnico indústria climatização refrigeração residencial comercial industrial construção civil têxtil farmacêutica produto médicohospitalar transporte frigorificar indústria geral empresa projeto instalação manutenção sistema refrigeração climatização sugestão qualificação profissional certificação intermediário curso técnico considerar ocupação prever cbo instalador refrigeração climatização doméstico mecânico refrigeração climatização industrial mecânico refrigeração comercial mecânico manutenção sistema refrigeração climatização sugestão formação continuar curso especialização técnico póstécnico especialização técnico câmara frigorífico especialização técnico climatização grande empreendimento especialização técnico condicionado automotivo especialização técnico eficiência energético edificação especialização técnico eficiência energético industrial sugestão verticalização curso graduação curso alto tecnologia bacharelar licenciaturar curso alto tecnologia manutenção industrial bacharelar engenharia mecânico tecnólogo refrigeração climatização mecânico refrigeração montador instalação calefação ventilação refrigeração técnico refrigeração instalação
CNCT_55,CNCT,Técnico em Sistemas a Gás,técnico sistema gás técnico sistema gás habilitar realizar instalação operação montagem manutenção equipamento sistema gase combustível utilidade industrial coordenar processo utilização equipamento Soldagem tubulação polietileno acessório sistema combustão gás coordenar manutenção produção transporte distribuição entrega gás natural gás liquefeito petróleo identificar problema buscar solução geração transmissão distribuição gás projetar instalação predial gás conversão equipamento além realizar manutenção de este sistema atender norma padrão técnico qualidade saúde segurança meio ambiente atuação técnico sistema gás fundamental conhecimento saber relacionar processo planejamento operação planta gás modo assegurar saúde segurança trabalhador usuário conhecimento saber relacionar sustentabilidade processo produtivo técnica processo produção distribuição gase norma técnico liderança equipe solução problema técnico trabalhista gestão conflito local ambiente trabalho empresa operadora campo petróleo prestadora serviço gás comércio representação assistência técnico empresa distribuição montagem instalação interno externo inspeção sistema gás sugestão qualificação profissional certificação intermediário curso técnico considerar ocupação prever cbo instalador aquecedor residencial gás instalador predial tubulação gás combustível instalador tubulação gás operador sistema gás sugestão formação continuar curso especialização técnico póstécnico especialização técnico supervisão operação manutenção sistema gás especialização técnico sistema extração petróleo gás natural sugestão verticalização curso graduação curso alto tecnologia bacharelar licenciaturar curso alto tecnologia petróleo gás curso alto tecnologia processo químico bacharelar engenharia químico bacharelar engenharia petróleo gás encanador industrial instalador tubulação gás combustível produção distribuição
CNCT_56,CNCT,Técnico em Sistemas de Energia Renovável,técnico sistema energia renovável técnico sistema energia renovável habilitar planejar controlar executar projeto instalação operação montagem manutenção sistema geração transmissão distribuição energia elétrico fonte renovável coordenar atividade utilização conservação energia fonte alternativo energia eólico solar hidráulica seguir especificação técnico segurança montagem projeto viabilidade geração energia elétrico proveniente fonte eólico solar hidráulica substituição convencional desenvolver novo forma produtivo geração energia renovável eficiência energético bem adotar medida uso eficiente energia elétrico identificar propor solução problema gestão energético questão decorrente geração transmissão distribuição energia elétrico atuação técnico sistema energia renovável fundamental conhecimento saber relacionar processo planejamento instalação sistema energia renovável modo assegurar saúde segurança trabalhador usuário conhecimento saber relacionar sustentabilidade processo produtivo técnica processo produção limpa norma técnico liderança equipe solução problema técnico trabalhista gestão conflito local ambiente trabalho empresa instalação manutenção comercialização utilização equipamento sistema basear energia renovável pesquisa projeto área sistema energia renovável concessionária prestador serviço área geração transmissão distribuição energia elétrico sugestão qualificação profissional certificação intermediário curso técnico considerar ocupação prever cbo instalador sistema geração energia renovável montador sistema geração energia renovável operador sistema geração energia renovável instalador sistema transmissão energia renovável montador sistema transmissão energia renovável operador sistema transmissão energia renovável instalador sistema distribuição energia renovável montador sistema distribuição energia renovável instalador sistema fotovoltaico sugestão formação continuar curso especialização técnico póstécnico especialização técnico supervisão operação manutenção aerogerador especialização técnico supervisão operação manutenção painel solar especialização técnico supervisão manutenção elétrico industrial especialização técnico eficiência energético edificação especialização técnico eficiência energético industrial especialização técnico energia solar fotovoltaico especialização técnico implantação comissionamento parque eólico especialização técnico biocombustível especialização técnico Biogás biometano especialização técnico aproveitamento energético Biogás sugestão verticalização curso graduação curso alto tecnologia bacharelar licenciaturar curso alto tecnologia eletrônica industrial curso alto tecnologia eletrotécnica industrial curso alto tecnologia sistema elétrico industrial bacharelar engenharia elétrico bacharelar engenharia automação bacharelar energia renovável eletrotécnico produção energia operador instalação produção energia elétrico
CNCT_57,CNCT,Técnico em Alimentação Escolar,técnico alimentação escolar técnico alimentação escolar habilitar organizar executar fluxo aquisição armazenamento alimento insumo organizar controlar executar processo higienização alimento preparar selecionar conservar alimento conforme cardápiar escolar orientação nutricional calcular quantitativo alimento merenda escolar considerar porção diário aquisição mensal junto gestão escola preparar variedade receita considerar característica regional associar cardápio escolar organizar controlar cozinha escolar preparo fornecimento alimentação utilizar técnica higiene segurança trabalho desde aquisição alimento descarte resíduo realizar papel educador alimentar sob supervisão nutricionista atuação técnico alimentação escolar fundamental conhecimento saber relacionar prática alimentação escolar valor nutricional alimento variação culinário especificidade regional alimentícia porção alimentar princípio prática organização cozinha escolar conservação armazenamento manejo alimento descarte resíduo técnica segurança higiene trabalho responsabilidade formação hábito saudável alimentação cumprimento legislação vigente capacidade comunicar assertivamente colaborar mediar conflito solucionar possível problema durante processo preparo fornecimento merenda escolar habilidade lidar imprevisto demonstrar estabilidade emocional foco solução problema dentro processo envolver alimentação escolar instituição ensino local ambiente trabalho escola público privar centro formação profissional centro capacitação pessoal órgão sistema rede ensino creche instituição operar confecção organização distribuição alimentação escolar lanchonete cantina escolar sugestão qualificação profissional certificação intermediário curso técnico considerar ocupação prever cbo agente alimentação escolar sugestão formação continuar curso especialização técnico póstécnico especialização técnico aproveitamento alimento especialização técnico higiene vigilância sanitário alimento especialização técnico segurança alimentar especialização técnico tecnologia alimento sugestão verticalização curso graduação curso alto tecnologia bacharelar licenciaturar curso alto tecnologia gastronomia curso alto tecnologia alimento curso alto tecnologia processo escolar bacharelar ciência tecnologia alimento bacharelar engenharia alimento bacharelar gastronomia bacharelar nutrição cozinhador
CNCT_58,CNCT,Técnico em Arquivo,técnico arquivo técnico arquivo habilitar analisar especificidade arquivo instrumento metodologia classificação avaliação arquivístico analisar conceito diplomática processo gênese documental diversos tipologia analisar natureza organização estrutura característico funcionamento mapear fluxo documental identificar necessidade poder viabilizar processo arquivístico pesquisar analisar informação área arquivo diversos fonte convencional eletrônica analisar diferente método arquivamento identificar tipo usuário demanr analisar legislação específico norma descrição arquivístico instrumento controle acervo realizar tratamento documento físico digital eou Digitalizados diversos gênero formato suporte fita vídeo cds dvds analisar aspecto estrutural requisito gestão arquivístico sistema eletrônico informação avaliar recomendação diretriz organização conservação preservação documento arquivístico digital analisar fator deterioração acervo arquivístico método técnica conservação documento arquivístico atuação técnico arquivo fundamental conhecimento saber relacionar processo coleta informação fluxo documento mapeamento processo registro etapa fluxo documental disponibilizar informação segundo critério préestabelecir conhecimento saber pesquisar criação estrutura funcionamento organização conhecimento cumprimento norma procedimento relacionar processo arquivístico bem organização físico movimentação documento devida proteção documento sigiloso durante produção registro expedição acondicionamento tramitação guardar conhecimento saber conferir digitalizar registrar cadastrar documento prestar atendimento usuário disponibilizar documento consulta utilizar sistema informatizar ferramenta pesquisa classificação arquivamento documento digital rotina transmissão pacote documento repositório arquivístico digital confiável ética profissional autonomia intelectual capacidade análise tomar decisão situação novo inusitar conhecimento saber solucionar problema alcançar objetivo iniciativa flexibilidade adaptação trabalhar equipe lidar novo dinâmica atualização referente novo tecnologia área atuação local ambiente trabalho arquivo público municipal estadual federal poder executivo legislativo judiciário instituição público privar terceiro setor instituição ensino pesquisa saúde serviço social outro empresa guarda gerenciamento digitalização documento centro documentação memória biblioteca museu banco empresa escritório profissional liberal escritório advocacia contabilidade rede rádio televisão mídia social consultoria trabalho autônomo tribunal cartório sugestão qualificação profissional certificação intermediário curso técnico considerar ocupação prever cbo auxiliar arquivo sugestão formação continuar curso especialização técnico póstécnico especialização técnico conservação restauro acervo bibliográfico especialização técnico arquivamento especialização técnico gestão arquivo físico virtual sugestão verticalização curso graduação curso alto tecnologia bacharelar licenciaturar bacharelar arquivologia ocupação ainda classificar
CNCT_59,CNCT,Técnico em Biblioteconomia,técnico biblioteconomia técnico biblioteconomia habilitar executar atividade técnicoadministrativo socioeducativa relacionar rotina biblioteca centro documentação informação organizar recuperar acervo físico virtual atender público orientálo disseminar organizar informação ambiente físico virtual executar ação conservação documento organizar espaço físico biblioteca ear Centro informação ambiente destinar usuário desenvolver projeto ação sociocultural colaborar criação aplicação política desenvolvimento coleção auxiliar processamento técnico acervo manter promover intercâmbio bibliográfico outro unidade congêner auxiliar divulgação produto serviço realizar disseminação seletivo ética informação meio físico virtual digital atuação técnico biblioteconomia fundamental conhecimento saber relacionar processo organização espaço físico biblioteca centro informação desenvolvimento projeto ação sociocultural conhecimento saber relacionar processo colaboração criação aplicação política desenvolvimento coleção bem processo interpretação aplicação norma exercício profissional conhecimento saber identificar perfil usuário orientálo relação pesquisa diversos fonte informação relação utilização ferramenta tecnologia construção banco dado proatividade lideranço organização ético profissional confiança empatir tolerância comunicação assertivo diverso público capacidade promover difusão conhecimento melhoria atendimento competência manter promover intercâmbio bibliográfico outro unidade local ambiente trabalho biblioteca universitário biblioteca escolar biblioteca público biblioteca especializar centro pesquisa documentação empresa associação organização governamental órgão administração público empresa administradoro conteúdo Internet biblioteca virtual digital repositório conteúdo livraria editora físico virtual sugestão qualificação profissional certificação intermediário curso técnico considerar ocupação prever cbo auxiliar biblioteca sugestão formação continuar curso especialização técnico póstécnico especialização técnico conservação restauro acervo bibliográfico especialização técnico tombamento especialização técnico arquivamento especialização técnico biblioteca escolar especialização técnico gestão arquivo físico virtual especialização técnico gestão informação digital sugestão verticalização curso graduação curso alto tecnologia bacharelar licenciaturar bacharelar biblioteconomia bacharelar arquivologia bacharelar museologia bacharelar ciência informação técnico biblioteconomia auxiliar biblioteca
CNCT_60,CNCT,Técnico em Infraestrutura Escolar,técnico infraestrutura escolar técnico infraestrutura escolar habilitar realizar manutenção preventivo corretivo equipamento instalação escolar organizar conservar espaço físico promover construção hábito preservação manutenção ambiente patrimônio escolar identificar buscar solução problema infraestrutura organizar espaço escolar atuação técnico infraestrutura escolar fundamental conhecimento saber relacionar processo manutenção preventivo corretivo equipamento instalação predial escolar capacidade organização conservação preservação ambiente patrimônio escolar conhecimento habilidade detectar problema solucionálo instalação predial infraestrutura organização espaço escolar habilidade desenvoltura trabalho equipe gestão conflito habilidade comunicativo local ambiente trabalho escola centro formação profissional órgão sistema rede ensino sugestão qualificação profissional certificação intermediário curso técnico considerar ocupação prever cbo agente limpeza conservação auxiliar manutenção predial instalador hidráulico residencial eletricista instalador predial baixo tensão sugestão formação continuar curso especialização técnico póstécnico especialização técnico instalação elétrico predial especialização técnico gestão manutenção predial sugestão verticalização curso graduação curso alto tecnologia bacharelar licenciaturar curso alto tecnologia processo escolar curso alto tecnologia gestão público curso alto tecnologia gestão ambiental curso alto tecnologia construção edifício curso alto tecnologia material construção bacharelar administração bacharelar engenharia civil infraestrutura trabalhador manutenção edificação
CNCT_61,CNCT,Técnico em Secretaria Escolar,técnico secretaria escolar técnico secretaria escolar habilitar assessorar gestor escolar equipe aplicar técnica secretarial atividade operacionalização administrativasfinanceir pedagógico intermediar relacionamento interno externo visar meta objetivo parte interessado diretoria escolar docente discente órgão educacional pai aluno fornecedor prestador serviço administrar triar manusear armazenar preservar informação geral administrativo financeiro legislação instituiçãoescola corpo docente discente tanto física quanto digital bem organizar fluxo informacional gerar elaborar documento administrativo pedagógico vida acadêmico aluno matrícula processo transferência registro controle frequência mapeamento histórico escolar tanto meio físico quanto digital atender orientação direção seguir legislação vigor exigência órgão regulação realizar forma eficaz comunicação interno externo organizar evento interno reunião evento educacional confraternização organizar preparar viagem ear locomoção próprio cidadecomunidade referente atividade demanr instituição ensino atender aluno professoreseducador equipe administrativo dirigente líder educacional pai comunidade demais profissional envolver processo educacional além manter bom relação atuação técnico secretaria escolar fundamental conhecimento saber relacionar técnica secretarial administração noção estatística matemática financeiro planejamento estratégico técnica informática utilizar sistema operacional pacote office plataforma onlinar aplicativo equipamento eletrônico multimídia habilidade liderança eficácia atingir resultado capacidade apoiar diretoria concretização atividade ética cumprimento exigência legal território nacional competência comunicativo idioma nacional estrangeiro oral escrever elaboração texto educacional corporativo noção sobre inteligência emocional administrar emoção alcançar objetivo capacidade autoorganização atuação imprevisto proposição solução capacidade trabalho colaborativo equipe comunicação mediação conflito local ambiente trabalho Secretaria administração escolar instituição ensino órgão sistema rede ensino centro capacitação pessoal instituição público privar órgão regulador organização governamental atendar diferente nível modalidade educação sugestão qualificação profissional certificação intermediário curso técnico considerar ocupação prever cbo assistente secretaria escolar auxiliar secretaria escolar auxiliar administrativo recepcionista sugestão formação continuar curso especialização técnico póstécnico especialização técnico legislação educacional especialização técnico informação documentação escolar especialização técnico tradução interpretação libra especialização técnico educação inclusivo especialização técnico multimeio especialização técnico gestão arquivo biblioteca especialização técnico mídia digital sugestão verticalização curso graduação curso alto tecnologia bacharelar licenciaturar curso alto tecnologia processo escolar curso alto tecnologia secretariar bacharelar secretariado executivo técnico secretariado
CNCT_62,CNCT,Técnico em Desenvolvimento Comunitário,técnico desenvolvimento comunitário técnico desenvolvimento comunitário habilitar organizar grupo interesse comunidade promover ação integração comunidade aproximação positivo articular temática cultura Educação esporte lazer meio ambiente saúde turismo trabalho renda identificar potencialidade necessidade demanr social risco ameaça condição vida local ler interpretar informação gerar partir dado coletar território aparelho serviço público acadêmico elaborar projeto programa social desenvolver ação temático desenvolvimento liderança comunitário executar campanha socioeducativo atuação técnico desenvolvimento comunitário fundamental conhecimento saber relativo articulação ator social fortalecimento atuação rede organização público privar saber relativo valorização memória identidade local fortaleçar expressão cultural comunitária conhecimento relacionar associativismo democracia participativo governança gestão territorial transparente sustentável forma organização incidência político conhecimento habilidade relacionar acesso manejo informação interesse local elaboração execução projeto programa comunitário capacidade lidar imprevisto construir solução capacidade administrar conflito exercer conciliação liderança proatividade criatividade resiliêncio flexibilidade capacidade persuasão local ambiente trabalho conselho tutelar associação comunitário conselho social política público sindicato cooperativa organização público privar terceiro setor setor responsabilidade social sustentabilidade empresa sugestão qualificação profissional certificação intermediário curso técnico considerar ocupação prever cbo agente ação social agente projeto social sugestão formação continuar curso especialização técnico póstécnico especialização técnico planejamento política público especialização técnico educação popular sugestão verticalização curso graduação curso alto tecnologia bacharelar licenciaturar curso alto tecnologia gestão público curso alto tecnologia processo escolar curso alto tecnologia produção cultural curso alto tecnologia comunicação assistivo bacharelar ciência social bacharelar gestão política público bacharelar serviço social socioeducador educador social agente proteção social básico
CNCT_63,CNCT,Técnico em Produção de Materiais Didáticos Bilíngues em Libras/Língua Portuguesa,técnico produção material didático bilíngue libraslíngua português técnico produção material didático bilíngue libraslíngua português habilitar confeccionar material bilíngue librasportuguês desenvolver projeto acessibilidade linguística librasportuguês criar avaliar projeto cunho educacional foco produção material acessível bilíngue librasportuguês analisar adequar recurso pedagógico educação bilíngue atuação técnico produção material didático bilíngue libraslíngua português fundamental proficiência língua português libra domínio uso recurso tecnológico digital direcionandoos adaptação língua considerar especificidade ambos conhecimento saber relacionar organização execução coordenação processo produção material didático Bilíngue libraslíngua português habilidade análise adequação recurso conteúdo método pedagógico educação Bilíngue habilidade manual visual confecção material análise precisar recurso desenvolvir quanto percepção erro acerto capacidade colaboração atuação imprevisto proposição solução durante processo produção material didático bilíngue capacidade percepção outro empatir produção material didático bilíngue forma criativo funcional atender especificidade públicoalvo local ambiente trabalho escola creche órgão administração público privado área educação instituição público privar terceiro setor editoro sugestão qualificação profissional certificação intermediário curso técnico considerar ocupação prever cbo identificar sugestão formação continuar curso especialização técnico póstécnico especialização técnico traduçãointerpretação libra especialização técnico produção material didático sugestão verticalização curso graduação curso alto tecnologia bacharelar licenciaturar curso alto tecnologia comunicação assistivo bacharelar letra libro licenciatura letrasportuguêslibra licenciatura letraslibro ocupação ainda classificar
CNCT_64,CNCT,Técnico em Tradução e Interpretação de Libras,técnico tradução interpretação libra técnico tradução interpretação libra habilitar realizar interpretação simultâneo língua brasileiro sinal língua português vice versa fluência coerência diferente espaço atuação realizar interpretação consecutivo língua brasileiro sinal língua português vice versa fluência coerência diferente espaço atuação realizar tradução intralingual interlingual intersemiótica língua brasileiro sinal língua português viceversar respeitar comprometerse surdo comunidade surdo categoria profissional seguir orientação recomendação apresentar categoria profissional tange trabalho equipe revezamento fim preservar saúde físico mental pesquisar constantemente sobre novo conceito definição vocabulário área língua brasileiro sinal analisar autoanalisar cautela forma crítico reflexivar interpretação tradução produzir realizar adaptação interpretação língua português língua brasileiro sinal libro comunicandose diferentes contexto sociocultural adaptar publicação português escrever vídeo libra viceverso atuar diferentes situação comunicativo surdo ouvinte atuação técnico tradução interpretação libra fundamental fluência língua português libra competência tradutório capacidade raciocínio lógico resolução problema autonomia intelectual autogerenciamento pensamento crítico proatividade criatividade habilidade agir maneira assertivo tomada decisão durante atuação interpretativo capacidade trabalhar autoestima sociabilidade empatir bem expressar segurança lidar imprevisto desenvolvimento intermediação comunicação ouvinte surdo surdocego capacidade mediação conciliação conflito local ambiente trabalho evento atendimento médicoclínico igreja espaço educacional teatro televisão associação escola sugestão qualificação profissional certificação intermediário curso técnico considerar ocupação prever cbo identificar sugestão formação continuar curso especialização técnico póstécnico especialização técnico tradução interpretação libra contexto educação saúde jurídico sugestão verticalização curso graduação curso alto tecnologia bacharelar licenciaturar curso alto tecnologia comunicação assistivo bacharelar letra libro licenciatura letrasportuguêslibra licenciatura letraslibro ocupação ainda classificar
CNCT_65,CNCT,Técnico em Treinamento e Instrução de Cães-Guias,técnico treinamento instrução cãesguia técnico treinamento instrução cãesguia habilitar treinar cãesguia pessoa deficiência visual cego desenvolver aplicar técnica adestramento permitir cão tornarse apto condução mobilidade físico pessoa deficiência visual cega coordenar processo introdução cão família socializadoro selecionar matriz cão servir reprodutora selecionar filhote ingresso programa cãesguia gerenciar espaço definir reprodução treinamento cão atuação cãesguia formar duplas usuário cãoguia atuação técnico treinamento instrução cãesguia fundamental domínio conhecimento formação treinador instrutor cãesguia responsabilidade bem gestão centro treinamento conhecimento acerca legislação vigor país referir pessoa deficiência correlato formação questão domínio sobre comportamento cãoguia meio conhecimento fisiologia comportamento específico cão condução pessoa deficiência visual saber relacionar seleção cão treinar função guia pessoa deficiência visual família socializadoro bem saber relacionar condução destreza etapa introdução acompanhamento filhote referida famílio saber relacionar gerenciamento processo multidisciplinar recrutamento seleção candidato usuário cãesguia conhecimento saber relacionar processo formação dupla pessoa deficiência visual cãoguia acompanhamento aposentadoria cãoguia competência comunicativo estabilidade emocional atuação situação imprevisto persistência autoconfianço autocontrole foco constância realização processo treinamento instrução cãesguia habilidade estímulo percepção circunstância exterior treinamento competência comunicativo capacidade atuação imprevisto empatir sensibilidade colaboração processo introdução acompanhamento cão comunidadesfamília local ambiente trabalho instituição civil governamental trabalhar preparação cãesguia ear formação profissional centro treinamento cãesguia instituição educacional formação treinador instrutor cãesguia sugestão qualificação profissional certificação intermediário curso técnico considerar ocupação prever cbo adestrador cão instrutor cão condicionador cão tratador cão sugestão formação continuar curso especialização técnico póstécnico especialização técnico orientação mobilidade sugestão verticalização curso graduação curso alto tecnologia bacharelar licenciaturar curso alto tecnologia comunicação assistivo bacharelar medicina veterinário adestrador animal
CNCT_66,CNCT,Técnico em Brinquedoteca,técnico brinquedoteca técnico brinquedoteca habilitar participar planejamento realização atividade lúdico equilibrar brincadeira dirigir brincadeira livre direcionar criança adolescente adulto acolher público apresentar regra geral espaço funcionamento promover mediação brincadeirajogo usuário atenção faixa etário estágio desenvolvimento ear necessidade especial usuário informar disponibilizar jogo brinquedo diversificar estruturar garantir indicação simples acessibilidade apresentação acervo lúdico promover interação usuário apoiar ação coletivo comunitária integração diferentes idade projeto brincar intergeracional brincar comunidade brincar família outro auxiliar tarefa seleção classificação organização manutenção acervo lúdico efetuar preparação acervo lúdico utilização quanto segurança proteção inventário registro marcação aprendizagem jogo manter espaço organizar seguro limpo acordo norma segurança higienização vigente contexto atuação aplicar protocolo segurança ambiente primeiro socorro evacuação situação perigo auxiliar realização registro diário outro dado organização documento indicador qualidade relatório acerca atividade projeto auxiliar cotação material lúdico selecionar interação fornecedor atuação técnico brinquedoteca fundamental conhecimento saber relacionar processo desenvolvimento infantil demais fase ciclo vital aspecto motor social cognitivo emocional conhecimento saber relacionar aspecto material técnico psicológico pedagógico histórico cultural jogo brinquedo bem atualização necessário público atendir considerar diversidade faixa etário gênero condição desempenho interação organização aptidão emprego método classificação catalogação arranjo apresentação acervo lúdico valorização cultura lúdico local brincar tradicional brincar forma contemporâneo representar jogo eletrônico jogo tabuleiro analógico tradicional moderno capacidade manter relação interpessoal acolhedora respeitosa olhar observador invasivo controlador habilidade trabalhar equipe resolver situaçõesproblema gerir conflito local ambiente trabalho escola associação comunitário assistencial organização governamental foco infância família idoso hospital clínica instituição longo permanência clube centro cultural museu biblioteca instituição público área judicial prisional brinquedoteca constituír empresa hotel sugestão qualificação profissional certificação intermediário curso técnico considerar ocupação prever cbo auxiliar projeto comunitário educacional cultural sugestão formação continuar curso especialização técnico póstécnico especialização técnico criação brinquedo jogo especialização técnico recreação lazer jogo cooperativo especialização técnico criação adaptação material lúdico caráter inclusivo sugestão verticalização curso graduação curso alto tecnologia processo escolar bacharelar arte educação bacharelar pedagogia bacharelar psicologia bacharelar biblioteconomia bacharelar educação físico licenciatura educação físico ocupação ainda classificar
CNCT_67,CNCT,Técnico em Laboratório de Ciências da Natureza,técnico laboratório ciência natureza técnico laboratório ciência natureza habilitar organizar laboratório didático ciência físico química biologia conforme norma segurança saúde ocupacional preservação ambiental proceder montagem experimento reunir equipamento material consumo ser utilizar aula experimental ensaio pesquisa manusear equipamento tecnológico associar atividade desenvolvir laboratório ciência natureza auxiliar atividade prática experimental relacionar conhecimento saber ciência natureza preparar solução reagente peça equipamento outro material utilizar experimento proceder limpeza conservação instalação equipamento material laboratório proceder controle estoque material consumo laboratório organizar gerenciar pequeno depósito ear almoxarifado laboratório utilizar software interligar maquinário equipamento laboratório atuação técnico laboratório ciência natureza fundamental conhecimento saber relacionar físico químico biologio habilidade classificação material equipamento acordo finalidade cada variado atividade experimento conhecimento acerca equipamento tecnológico laboratório respectivo forma manutenção básico conhecimento norma segurança trabalho demais norma inerente espaço atuação conhecimento diverso tipo material ferramenta utilizar realizar manuseio seguro limpeza produto adequar noção organização catalogação produto experimento domínio equipamento tecnológico ferramental digital software específico desenvolvimento atividade laboratório pensamento crítico ação colaborativo competência comunicativo proatividade autoorganização criatividade capacidade mediar conflito propor solução questão imprevisto local ambiente trabalho instituição ensino centro pesquisa laboratório público privado experimento científico sugestão qualificação profissional certificação intermediário curso técnico considerar ocupação prever cbo auxiliar laboratório análises físicoquímico sugestão formação continuar curso especialização técnico póstécnico especialização técnico instrumentação especialização técnico didática laboratório sugestão verticalização curso graduação curso alto tecnologia bacharelar licenciaturar licenciatura física licenciatura química licenciatura biologia bacharelar física bacharelar química bacharelar biologia bacharelar ciência físico biomolecular auxiliar laboratório análises físicoquímico
CNCT_68,CNCT,Técnico em Multimeios Didáticos,técnico multimeio didático técnico multimeio didático habilitar compreender processo ensino aprendizagem tecnologia poder auxiliar prática pedagógico formação indivíduo associar infraestrutura tecnológico desenvolvimento ação educativo curso presencial distância incentivar diferentes possibilidade ensino aprendizagem mediar tecnologia orientar profissional utilização equipamento envolr tecnologia necessário auxiliar aprendizagem bem preparação ambiente físico considerar localização conservação de esse equipamento difundir incentivar prática utilização diferentes recurso tecnológico disponível software equipamento possibilitar ampliação aquisição conhecimento ensino presencial educação distância selecionar recurso tecnológico ampliação atualização acervo multimidiático realizar análise levantamento requisito software visar propor solução criativo adequado educação maneira implantar manter software área educação indicar preparar equipamento tecnológico planejamento realização aula presencial virtual bem realização teleconferêncio atividade laboratorial prática realidade virtual evento educacional diversos espaço ensino aprendizagem realizar acompanhamento indicar manutenção básico equipamento tecnológico utilizar mediar ear integrar metodologia ensino aprendizagem ambiente virtual atuação técnico multimeio didático fundamental conhecimento saber relacionar manuseio manutenção ferramenta ligar infraestrutura tecnológico desenvolvimento ação educativo curso presencial distância fundamento prática articulação tecnologia metodologia ensino aprendizagem capacidade pensar criticamente agir conjunto habilidade comunicativo colaboração autoorganização mediação conflito solução problema local ambiente trabalho sala multimídia espaço makers sala recurso audiovisual ambiente ensino aprendizagem associação comunitário empresa treinamento ear consultorio laboratório experiência simulado sugestão qualificação profissional certificação intermediário curso técnico considerar ocupação prever cbo operador áudio editor projeto visual gráfico editor vídeo sugestão formação continuar curso especialização técnico póstécnico especialização técnico produção multimeio didático especialização técnico gestão mídia educação sugestão verticalização curso graduação curso alto tecnologia bacharelar licenciaturar curso alto tecnologia produção cultural curso alto tecnologia produção multimídio curso alto tecnologia produção audiovisual curso alto tecnologia processo escolar curso alto tecnologia comunicação assistivo bacharelar comunicação bacharelar sistema mídia digital ocupação ainda classificar
CNCT_69,CNCT,Técnico em Comércio,técnico comércio técnico comércio habilitar aplicar método comercialização bem serviço loja físico virtual efetuar controle quantitativo qualitativo produto preço tributo coordenar controlar armazenagem estabelecimento comercial elaborar planilha custo identificar demanda comunicar previsão fornecedor ofertar serviço correlato produto comercializar operacionalizar plano marketing comunicação executar atividade voltadas logístico recurso humano comercialização atuação técnico comércio fundamental conhecimento saber relacionar funcionamento área comercial prestação serviço modo atuar conformidade legislação diretriz conduta norma saúde segurança trabalho atuação forma proativo atividade comercialização produto serviço visão empreendedor comunicação claro cordial comprometimento necessidade desejo cliente respeito demais stakeholder local ambiente trabalho comércio geral físico ear eletrônico empresa telemarketing empreendedor área venda sugestão qualificação profissional certificação intermediário curso técnico considerar ocupação prever cbo auxiliar administrativo assistente venda auxiliar crédito cobrança auxiliar faturamento auxiliar financeiro representante comercial auxiliar compra operador telemarketing comerciante varejistar sugestão formação continuar curso especialização técnico póstécnico especialização técnico projeto comercial especialização técnico gestão processo especialização técnico Finanças tributo venda sugestão verticalização curso graduação curso alto tecnologia bacharelar licenciaturar curso alto tecnologia gestão comercial curso alto tecnologia comércio exterior curso alto tecnologia marketing curso alto tecnologia gestão financeiro bacharelar administração bacharelar comércio exterior bacharelar economia comerciante atacadista comerciante varejista técnico atendimento venda comprador representante comercial autônomo vendedor comércio atacadista promotor venda
CNCT_70,CNCT,Técnico em Comércio Exterior,técnico comércio exterior técnico comércio exterior habilitar prestar apoio análises mercado intermédio aplicação regra política cambial específico país envolver negociação executar controlar atividade inerente processo exportação importação cumprir trâmite aduaneiro operação importação exportação elaborar cálculo custo preço tributo utilizar canal informatizar órgão regulador receita federal siscomex inmetro executar procedimento transporte armazenamento logística internacional atuação técnico comércio exterior fundamental conhecimento saber relacionar área exportação importação atuação conformidade legislação diretriz conduta norma saúde segurança trabalho pautar ação empreendedoro inovadora foco geração novo oportunidade negócio internacional atuação base construção relacionamento positivo respeito diversidade atenção sustentabilidade trabalho equipe resolução efetivo conflito local ambiente trabalho indústria ear comércio geral prestador serviço sugestão qualificação profissional certificação intermediário curso técnico considerar ocupação prever cbo assistente despachante aduaneiro auxiliar serviço comércio exterior auxiliar financeiro auxiliar serviço importação exportação comprador representante comercial assistente logística operador teleatendimento promotor venda sugestão formação continuar curso especialização técnico póstécnico especialização técnico logística multimodal especialização técnico legislação aduaneiro especialização técnico legislação comércio internacional sugestão verticalização curso graduação curso alto tecnologia bacharelar licenciaturar curso alto tecnologia comércio exterior bacharelar negócio internacional bacharelar relação internacional bacharelar comércio exterior técnico administração comércio exterior analista exportação importação analista transporte comércio exterior despachante aduaneiro
CNCT_71,CNCT,Técnico em Marketing,técnico marketing técnico marketing habilitar projetar implementar plano marketing realizar análises venda preço produto desenvolver projeto comunicação delização cliente relação fornecedor outro entidade desenvolver implementar gerenciar estratégia marketing digital operacionalizar apresentação serviço produto ponto venda elaborar estudo mercado atuação técnico marketing fundamental conhecimento saber relacionar área comercial negócio organização modo atuar conformidade legislação diretriz conduta norma saúde segurança trabalho demonstrar visão empreendedor competência socioemocional atributo comportamental relacionado comunicação claro cordial respeito diversidade trabalho colaborativo protagonismo análise resolução problema voltar mundo trabalho local ambiente trabalho indústria ear comércio geral empresa telemarketing publicidade empresa marketing digital startup área digital sugestão qualificação profissional certificação intermediário curso técnico considerar ocupação prever cbo assistente venda auxiliar administrativo representante comercial atendente telemarketing assistente marketing digital sugestão formação continuar curso especialização técnico póstécnico especialização técnico marketing digital comércio eletrônico especialização técnico comunicação especialização técnico controle acompanhamento desempenho rede social especialização técnico prospecção comportamento consumidor sugestão verticalização curso graduação curso alto tecnologia bacharelar licenciaturar curso alto tecnologia gestão marketing bacharelar publicidade propaganda bacharelar propaganda marketing técnico atendimento venda promotor venda especializar
CNCT_72,CNCT,Técnico em Seguros,técnico seguro técnico seguro habilitar analisar proposta seguro avaliar risco outro condição comercial elaborar proposta apólice contrato diverso modalidade seguro elaborar parecer técnico relatório analisar conferir proposta contrato seguro prestar outro serviço apoio suporte técnico controlar conta corrente relativo prêmio sinistro organizar fato contábel operacionalizar cálculo prêmio outro procedimento atuação técnico seguro fundamental conhecimento saber relacionar processo formalização contratação seguro modo atuar conformidade legislação diretriz órgão regulador norma saúde segurança trabalho exercício profissional pautar respeito diversidade intermédio comunicação claro cordial demonstrar atenção sustentabilidade trabalho colaborativo flexibilidade resolução conflito protagonismo análise solução problema local ambiente trabalho seguradora empresa consultoria auditoria escritório contabilidade banco empresa previdência privado sugestão qualificação profissional certificação intermediário curso técnico considerar ocupação prever cbo auxiliar seguro sugestão formação continuar curso especialização técnico póstécnico especialização técnico seguro vida especialização técnico previdência especialização técnico sinistro sugestão verticalização curso graduação curso alto tecnologia bacharelar licenciaturar curso alto tecnologia processo gerencial bacharelar administração técnico resseguro analista sinistro técnico seguro
CNCT_73,CNCT,Técnico em Transações Imobiliárias,técnico transação imobiliário técnico transação imobiliário habilitar executar atividade intermediação compra venda permuta locação imóvel terreno edificação realizar captação vistorio demonstração imóvel prestar assessorio identificação oportunidade negócio processo transferência estruturação registro imobiliário orientar quanto financiamento imobiliário avaliar imóvel determinar valor mercado atuação técnico transação imobiliário fundamental conhecimento saber relacionar mercado imobiliário modo atuar conformidade legislação profissional setor diretriz conduta norma saúde segurança trabalho atuação forma proativo comunicandose forma claro cordial demonstrar desinibição comprometimento necessidade desejo percepção realidade social cliente além respeito diversidade sustentabilidade local ambiente trabalho empresa setor imobiliário construção civil urbanizadoras loteadoro incorporadora agência financeiro empresa prestadoro serviço imobiliário banco sugestão qualificação profissional certificação intermediário curso técnico considerar ocupação prever cbo identificar sugestão formação continuar curso especialização técnico póstécnico especialização técnico comunicação especialização técnico comércio eletrônico especialização técnico redação contrato especialização técnico mídia digital sugestão verticalização curso graduação curso alto tecnologia bacharelar licenciaturar curso alto tecnologia negócio imobiliário curso alto tecnologia marketing curso alto tecnologia gestão comercial curso alto tecnologia gestão financeiro bacharelar administração bacharelar direito corretor imóvel avaliador imóvel
CNCT_74,CNCT,Técnico em Vendas,técnico venda técnico venda habilitar identificar produto serviço empresa canal venda adequar respectivo especificidade caracterizar perfis cliente coletar informação sobre concorrência mercado geral planejar promover venda produto serviço organizar ambiente venda fidelizar cliente promover serviço apoio atendimento pósvenda organizar gerenciar arquivo informação cliente realizar prospecção novo cliente atuação técnico venda fundamental conhecimento saber relacionar funcionamento área comercial modo atuar conformidade legislação diretriz conduta norma saúde segurança trabalho atuação forma proativo visão empreendedor atividade venda produto serviço demonstrar desinibição comprometimento necessidade desejo cliente comunicandose forma claro cordial respeito diversidade local ambiente trabalho indústria ear comércio geral comércio físico ear eletrônico empresa telemarketing empreendedor área venda sugestão qualificação profissional certificação intermediário curso técnico considerar ocupação prever cbo auxiliar administrativo auxiliar crédito cobrança auxiliar faturamento operador supermercado representante comercial estoquista sugestão formação continuar curso especialização técnico póstécnico especialização técnico comércio eletrônico especialização técnico comunicação sugestão verticalização curso graduação curso alto tecnologia bacharelar licenciaturar curso alto tecnologia gestão comercial curso alto tecnologia comércio exterior curso alto tecnologia marketing curso alto tecnologia gestão financeiro bacharelar administração bacharelar comércio exterior técnico atendimento venda promotor venda representante comercial autônomo técnico venda
CNCT_75,CNCT,Técnico em Administração,técnico administração técnico administração habilitar executar operação administrativo planejamento pesquisa análise assessorio tange gestão pessoal material produção serviço gestão financeiro orçamentário mercadológico utilizar sistema informação aplicar conceito modelo gestão função administrativo operacional coordenação chefia intermediário direção alto sob orientação elaborar orçamento fluxo caixa demais demonstrativo financeiro elaborar expedir relatório documento diverso auxiliar elaboração parecer laur tomada decisão atuação técnico administração fundamental conhecimento saber relacionar área administrativo atuação conformidade legislação diretriz conduta norma saúde segurança trabalho pautar ação empreendedoro inovadora foco geração novo oportunidade negócio geração renda exercício profissão pautar comprometimento necessidade desejo percepção realidade social cliente além respeito diversidade sustentabilidade local ambiente trabalho indústria ear comércio geral prestador serviço organização terceiro setor sugestão qualificação profissional certificação intermediário curso técnico considerar ocupação prever cbo agente microcrédito almoxarife assistente planejamento controle produção assistente administrativo auxiliar faturamento auxiliar crédito cobrança auxiliar pessoal auxiliar recurso humano auxiliar tesouraria auxiliar financeiro assistente marketing assistente logística sugestão formação continuar curso especialização técnico póstécnico especialização técnico administração material especialização técnico administração produção especialização técnico educação ambiental sugestão verticalização curso graduação curso alto tecnologia bacharelar licenciaturar curso alto tecnologia processo gerencial curso alto tecnologia gestão recurso humano curso alto tecnologia marketing curso alto tecnologia logística curso alto tecnologia gestão financeiro bacharelar administração bacharelar ciência contábel técnico administração
CNCT_76,CNCT,Técnico em Condomínio,técnico condomínio técnico condomínio habilitar executar atividade administrativo voltar recurso humano financeiro gestão suprimento material acordo convenção condominial supervisionar conservação manutenção predial conduzir reunião assembleia condomínio elaborar ata relatório prestação conta promover integração condômino atuação técnico condomínio fundamental conhecimento saber relacionar processo gestão condominial modo atuar conformidade legislação diretriz órgão regulador norma saúde segurança trabalho atuação pautar construção relacionamento positivo atenção sustentabilidade resolução efetivo conflito respeito diversidade local ambiente trabalho empresa administradoro condomínio condomínio administração próprio sugestão qualificação profissional certificação intermediário curso técnico considerar ocupação prever cbo auxiliar serviço condominal sugestão formação continuar curso especialização técnico póstécnico especialização técnico sustentabilidade especialização técnico comunicação sugestão verticalização curso graduação curso alto tecnologia bacharelar licenciaturar curso alto tecnologia processo gerencial bacharelar administração bacharelar direito administrador edifício
CNCT_77,CNCT,Técnico em Cooperativismo,técnico cooperativismo técnico cooperativismo habilitar assessorar processo constituição cooperativa planejar executar processo técnicoadministrativo voltar cooperativa diversos modalidade elaborar desenvolver projeto apoiar execução projeto voltar organização quadro social oqsr apoiar execução projeto educação cooperativista assessorar reunião núcleo comitê cooperativista apoiar execução projeto responsabilidade socioambiental atuação técnico cooperativismo fundamental conhecimento saber relacionar prática cooperativismo associativismo modo atuar conformidade legislação diretriz órgão regulador norma saúde segurança trabalho atuação pautar relacionamento positivo evidenciar comunicação claro cordial respeito diversidade atenção sustentabilidade trabalho colaborativo mediação conflito local ambiente trabalho cooperativa empreendedor autônomo sindicato associação serviço nacional aprendizagem cooperativismo sescoop organização cooperativa brasileiro ocb confederação nacional cooperativa cncoop organização governamental ongs organização sociedade civil interesse público oscip sugestão qualificação profissional certificação intermediário curso técnico considerar ocupação prever cbo agente desenvolvimento cooperativista sugestão formação continuar curso especialização técnico póstécnico especialização técnico economia solidário especialização técnico planejamento gerenciamento projeto especialização técnico responsabilidade social sustentabilidade especialização técnico comunicação especialização técnico extensão rural especialização técnico andragogia sugestão verticalização curso graduação curso alto tecnologia bacharelar licenciaturar curso alto tecnologia gestão cooperativa bacharelar direito bacharelar cooperativismo bacharelar administração bacharelar contabilidade bacharelar economia ocupação ainda classificar
CNCT_78,CNCT,Técnico em Logística,técnico logística técnico logística habilitar auxiliar planejamento operacionalização controle cadeia produtivo fluxo logístico executar procedimento relacionar suprimento produção recebimento armazenagem distribuição produto fazer uso tecnologia informação comunicação identificar agente cadeia suprimento elaborar relatório operacional tomada decisão atuação técnico logística fundamental conhecimento saber relacionar área operacional produção prestação serviço organização modo atuar conformidade legislação diretriz conduta norma saúde segurança trabalho atuação forma proativo resolução situaçõesproblema mundo trabalho desenvolver competência socioemocional atributo comportamental relacionado sustentabilidade trabalho colaborativo local ambiente trabalho indústria ear comércio geral transportadora centro distribuição armazém geral sugestão qualificação profissional certificação intermediário curso técnico considerar ocupação prever cbo almoxarife estoquista assistente logística assistente suprimento assistente planejamento controle produção assistente transporte distribuição sugestão formação continuar curso especialização técnico póstécnico especialização técnico programação produção especialização técnico planejamento controle especialização técnico produção roteirização especialização técnico transporte carga especial especialização técnico logística reverso especialização técnico armazenagem movimentação material especialização técnico transporte distribuição sugestão verticalização curso graduação curso alto tecnologia bacharelar licenciaturar curso alto tecnologia logística curso alto tecnologia gestão processo industrial bacharelar administração bacharelar engenharia produção técnico planejamento produção operador transporte multimodal controlador entrada saída
CNCT_79,CNCT,Técnico em Qualidade,técnico qualidade técnico qualidade habilitar elaborar manual procedimento diagnóstico relatório processo qualidade organização registrar controle qualidade executar auditoria interno qualidade acompanhar auditoria externa divulgar procedimento qualidade propor ação informação formação específico identificar inconformidade serviço produto processo possível causa propor ação corretivo preventivo interpretar conjunto mecanismo procedimento integridade controle auditoria executar atividade voltadas prevenção detecção resolução desvio fraude irregularidade ato ilícito praticar organização atuação técnico qualidade fundamental conhecimento saber relacionar funcionamento área qualidade compliance modo atuar conformidade legislação diretriz conduta norma saúde segurança trabalho atuação forma proativo atividade técnicoadministrativo gestão controle qualidade pautar preceito governança corporativo demonstrar comprometimento padrão modelo institucional local ambiente trabalho indústria comércio geral empresa consultoria auditorio sugestão qualificação profissional certificação intermediário curso técnico considerar ocupação prever cbo assistente planejamento controle produção assistente controle qualidade assistente compliance sugestão formação continuar curso especialização técnico póstécnico especialização técnico sustentabilidade especialização técnico gestão risco compliancer sugestão verticalização curso graduação curso alto tecnologia bacharelar licenciaturar curso alto tecnologia gestão qualidade bacharelar administração inspetor qualidade
CNCT_80,CNCT,Técnico em Recursos Humanos,técnico recurso humano técnico recurso humano habilitar organizar rotina diário processo gestão pessoa inerente relação empregotrabalho existente empresa empregar bem documento área recurso humano processar cálculo folha pagamento registrar informação governamental fiscalização processo trabalhista auditoria interno recurso humano organizar realizar ação recrutamento seleção realizar atividade diária desenvolvimento pessoa retenção talento organizar rotina relativo política remuneração cargo realizar atividade relativo concessão benefício acompanhar organizar processo administrativo higiene segurança trabalho organizar realizar ação inclusão pessoa deficiência pcds ambiente trabalho atuação técnico recurso humano fundamental conhecimento saber relacionar área pessoal atuação conformidade legislação diretriz conduta norma saúde segurança trabalho competência socioemocional atributo comportamental relacionado comunicação claro cordial respeito diversidade atenção sustentabilidade trabalho colaborativo flexibilidade resolução conflito protagonismo análise solução problema local ambiente trabalho indústria ear comércio geral prestador serviço empresa recrutamento seleção sugestão qualificação profissional certificação intermediário curso técnico considerar ocupação prever cbo assistente pessoal assistente recurso humano assistente administrativo sugestão formação continuar curso especialização técnico póstécnico especialização técnico cálculo trabalhista especialização técnico legislação trabalhista especialização técnico recrutamento seleção especialização técnico cargo salário especialização técnico treinamento desenvolvimento especialização técnico benefício sugestão verticalização curso graduação curso alto tecnologia bacharelar licenciaturar curso alto tecnologia gestão recurso humano curso alto tecnologia processo gerencial bacharelar administração bachareladolicenciatura psicologia agente recrutamento seleção assistente administrativo
CNCT_81,CNCT,Técnico em Secretariado,técnico secretariado técnico secretariado habilitar executar atividade voltar planejamento organizacional operacional prestar assessoramento gestoresa organização diferentes porte segmento econômico utilizar técnica secretarial ferramenta tecnológico atividade relativo fluxo processual gestão organização registro administrativo informação relacionamento cliente interno externo apoiar atividade gestão financeiro orçamento pagamento prestação conta atuação técnico secretariado fundamental conhecimento saber relacionar funcionamento organização modo atuar conformidade legislação diretriz conduta norma saúde segurança trabalho atuação forma proativo atividade mediação resolução conflito situaçõesproblema trabalho equipe comunicação claro cordial respeito diversidade local ambiente trabalho indústria ear comércio geral espaço comercial escritório virtual centro negócio sugestão qualificação profissional certificação intermediário curso técnico considerar ocupação prever cbo assistente escritório arquivista recepcionista assistente evento assistente administrativo sugestão formação continuar curso especialização técnico póstécnico especialização técnico cerimonial especialização técnico evento institucional especialização técnico arquivo eletrônico especialização técnico informatização telecomunicação especialização técnico coordenação recurso sugestão verticalização curso graduação curso alto tecnologia bacharelar licenciaturar curso alto tecnologia secretariado curso alto tecnologia automação escritório secretariar bacharelar secretariado bilíngue bacharelar secretariado trilíngue bacharelar secretariado executivo técnico secretariado
CNCT_82,CNCT,Técnico em Serviços Jurídicos,técnico serviço jurídico técnico serviço jurídico habilitar executar atividade administrativo planejamento organização direção controle rotina escritório advocacia demais organização dispor departamento jurídico prestar suporte apoio técnicoadministrativo profissional área jurídico acompanhar gerenciar arquivar documento processo natureza jurídico prestar atendimento receptivo público atuação técnico serviço jurídico fundamental conhecimento saber relacionar direito modo atuar conformidade legislação diretriz órgão regulador norma saúde segurança trabalho atuação forma proativo atividade mediação resolução conflito situaçõesproblema trabalho equipe comunicação claro cordial respeito diversidade local ambiente trabalho escritório advocacia departamento jurídico cartório judicial extrajudicial departamento recurso humano financeiro contábil serviço atendimento cliente sac sugestão qualificação profissional certificação intermediário curso técnico considerar ocupação prever cbo atendente judiciário sugestão formação continuar curso especialização técnico póstécnico especialização técnico legislação público especialização técnico redação documento sugestão verticalização curso graduação curso alto tecnologia bacharelar licenciaturar curso alto tecnologia gestão público bacharelar direito auxiliar serviço jurídico escrevente
CNCT_83,CNCT,Técnico em Serviços Públicos,técnico serviço público técnico serviço público habilitar realizar atendimento público realizar apoio administrativo gestão pessoa controlar procedimento organizacional organizar material executar operação decorrente programa projeto política público interpretar legislação pertinente gestão público interpretar informação sobre cenário socioeconômico político jurídico gestão público atuação técnico serviço público fundamental conhecimento saber relacionar direito cidadão legislação norteer política público modo atuar conformidade preceito legal diretriz órgão regulador norma saúde segurança trabalho atuação forma proativo atividade mediação resolução conflito situaçõesproblema trabalho equipe comunicação claro cordial respeito diversidade sustentabilidade local ambiente trabalho instituição público federal estadual municipal sugestão qualificação profissional certificação intermediário curso técnico considerar ocupação prever cbo auxiliar serviço público sugestão formação continuar curso especialização técnico póstécnico especialização técnico legislação público sugestão verticalização curso graduação curso alto tecnologia bacharelar licenciaturar bacharelar gestão política público bacharelar administração público bacharelar direito ocupação ainda classificar
CNCT_84,CNCT,Técnico em Contabilidade,técnico contabilidade técnico contabilidade habilitar executar processo administrativo contábel classificar documento contábel fiscal fiscal calcular tributo federal estadual municipal prestar atendimento fiscalização apresentar documento livro relatório contábel elaborar plano determinação taxa depreciação exaustão bem material amortização valor imaterial ordenar fato contábel débito crédito apurar haver direito obrigação legal atuação técnico contabilidade fundamental conhecimento saber relacionar processo financeiro contábel empresarial modo atuar conformidade legislação diretriz órgão regulador norma saúde segurança trabalho sempre sob supervisão contabilista atuação pautar decisão responsável basear conceito ético construtivo relacionamento positivo trabalho equipe resolução efetivo conflito local ambiente trabalho empresa prestação serviço empresa consultoria ear auditorio sugestão qualificação profissional certificação intermediário curso técnico considerar ocupação prever cbo auxiliar contabilidade auxiliar faturamento auxiliar tesouraria auxiliar financeiro sugestão formação continuar curso especialização técnico póstécnica especialização técnico finanças legislação tributário sugestão verticalização curso graduação curso alto tecnologia bacharelar licenciaturar curso alto tecnologia gestão financeiro bacharelar ciência contábel técnico contabilidade chefe contabilidade técnico consultor contábil técnico
CNCT_85,CNCT,Técnico em Finanças,técnico Finanças técnico finanças habilitar realizar operação relativo serviço produto financeiro empréstimo financiamento investimento bancário elaborar analisar fluxo caixa demais relatório financeiro efetuar lançamento contábel ordem pagamento conta pagar receber analisar mercado capital contrato bancário legislação contábil tributário trabalhista consumidor coletar informação elaborar orçamento empresarial elaborar relatório controle custo gasto despesa geral atuar acordo princípio educação financeiro organizacional pessoal utilizar sistema informatizar execução atividade financeiro atuação técnico Finanças fundamental conhecimento saber relacionar área financeiro bancário atuação conformidade legislação preceito governança corporativo compliancer norma saúde segurança trabalho competência socioemocional atributo comportamental relacionado comunicação claro cordial respeito diversidade trabalho colaborativo flexibilidade resolução conflito protagonismo análise solução problema local ambiente trabalho indústria ear comércio geral prestador serviço banco financeiro sugestão qualificação profissional certificação intermediário curso técnico considerar ocupação prever cbo agente microcrédito auxiliar administrativo auxiliar crédito cobrança auxiliar tesouraria auxiliar financeiro assistente planejamento financeiro sugestão formação continuar curso especialização técnico póstécnico especialização técnico tesouraria sugestão verticalização curso graduação curso alto tecnologia bacharelar licenciaturar curso alto tecnologia gestão financeiro bacharelar ciência contábel bacharelar ciência econômico técnico operação serviço bancário câmbio técnico operação serviço bancário crédito imobiliário técnico operação serviço bancário crédito rural técnico operação serviço bancário leasing
CNCT_86,CNCT,Técnico em Computação Gráfica,técnico computação gráfico técnico computação gráfica digital habilitar elaborar implementar projeto programação visual layout mídia digital eou impressa realizar modelagem edição imagem áudio vídeo estruturar aplicação web multimídio aplicar técnica desenho pintura digital realizar programação objeto gráfico realizar tratamento imagem estático movimento compor estrutura navegação mídia digital executar desenho técnico elaboração projeto planta maquete digital atuação técnico computação gráfico fundamental conhecimento saber relacionar processo planejamento execução projeto roteiro modo garantir entrega produto digital acordo finalidade conhecimento saber relacionar norma técnico liderança equipe solução problema técnico assertividade comunicação material produzir local ambiente trabalho agência publicidade propaganda canal youtube emissora estúdio design estúdio animação escritório arquitetura engenharia departamento comunicação marketing empresa marketing influência editora jornal livro revista digital portal website produtora estúdio animação empresa pósprodução audiovisual produtora estúdio cinema empresa comunicação propagandar sugestão qualificação profissional certificação intermediário curso técnico considerar ocupação prever cbo web designer desenvolvedor aplicativo mídia digital assistente produção gráfico editor vídeo digital assistente produção desenhista maquete eletrônica desenhista produto gráfico web desenvolvedor aplicativo mídia digital criação animação editor pósprodutor vídeo digital realidade virtual aumentar sugestão formação continuar curso especialização técnico póstécnico especialização técnico masterização sonorização especialização técnico modelagem animação especialização técnico programação web especialização animação especialização jogo digital especialização desenho pintura digital sugestão verticalização curso graduação curso alto tecnologia bacharelar licenciaturar curso alto tecnologia design gráfico curso alto tecnologia design produto bacharelar ciência computação bacharelar engenharia computação bacharelar design gráfico desenvolvedor Multimídia
CNCT_87,CNCT,Técnico em Desenvolvimento de Sistemas,técnico desenvolvimento sistema técnico desenvolvimento sistema habilitar desenvolver sistema computacional utilizar ambiente desenvolvimento dimensionar requisito funcionalidade sistema realizar teste funcional programa computador aplicativo manter registro análise refinamento resultado executar manutenção programa computador suporte técnico realizar modelagem aplicação computacional codificar aplicação rotina utilizar linguagem programação específico executar alteração manutenção aplicação rotina acordo definição estabelecir prestar apoio técnico elaboração documentação sistema realizar prospecção teste avaliação ferramenta produto desenvolvimento sistema atuação técnico desenvolvimento sistema fundamental conhecimento saber relacionar processo planejamento execução projeto computacional forma garantir entrega produto digital análise software testagem protótipo acordo finalidade conhecimento saber relacionar norma técnico liderança equipe solução problema técnico assertividade comunicação laudo análises local ambiente trabalho empresa desenvolvimento sistema departamento desenvolvimento sistema organização governamental governamental empresa consultoria sistema empresa solução análise dado profissional autônomo sugestão qualificação profissional certificação intermediário curso técnico considerar ocupação prever cbo administrador banco dado agente inclusão digital centro público acesso Internet programador sistema desenvolvedor frontend desenvolvedor backend desenvolvedor sistema celular sugestão formação continuar curso especialização técnico póstécnico especialização técnico desenvolvimento aplicação dispositivo móvel especialização técnico desenvolvimento comércio eletrônico especialização técnico segurança informação especialização técnico desenvolvimento aplicação inteligência artificial especialização técnico desenvolvimento aplicação Internet coisa especialização técnico desenvolvimento aplicação machine learning especialização técnico desenvolvimento aplicação ciência dado especialização técnico desenvolvimento aplicação analytic sugestão verticalização curso graduação curso alto tecnologia bacharelar licenciaturar curso alto tecnologia análise desenvolvimento sistema curso alto tecnologia gestão tecnologia informação curso alto tecnologia banco dado curso alto tecnologia jogo digital curso alto tecnologia segurança informação curso alto tecnologia sistema Internet bacharelar ciência computação bacharelar sistema informação bacharelar engenharia software desenvolvedor sistema tecnologia informação
CNCT_88,CNCT,Técnico em Informática,técnico informática técnico informática habilitar desenvolver sistema computacional utilizar ambiente desenvolvimento realizar modelagem desenvolvimento teste implementação manutenção sistema computacional modelar construir realizar manutenção banco dado executar montagem instalação configuração equipamento informática instalar configurar sistema operacional aplicativo equipamento computacional realizar manutenção preventivo corretivo equipamento informática instalar configurar dispositivo acesso rede realizar teste conectividade realizar atendimento Helpdesk operar instalar configurar realizar manutenção rede computador aplicar técnica instalação configuração rede físico lógico instalar configurar administrar sistema operacional rede computador executar rotina monitoramento ambiente operacional identificar registrar desvio adotar procedimento correção executar procedimento segurança prédefinir ambiente rede atuação técnico informática fundamental conhecimento saber relacionar processo planejamento execução projeto computacional forma garantir entrega produto digital análise software testagem protótipo acordo finalidade conhecimento saber relacionar norma técnico liderança equipe solução problema técnico assertividade comunicação laudo análise habilidade relacionar construção solução integração sistêmico local ambiente trabalho empresa desenvolvimento sistema departamento desenvolvimento sistema organização governamental governamental empresa consultoria sistema empresa helpdesk empresa solução análise dado profissional autônomo sugestão qualificação profissional certificação intermediário curso técnico considerar ocupação prever cbo assistente suporte manutenção computador assistente operação rede computador assistente desenvolvimento aplicativo computacional suporte técnico sugestão formação continuar curso especialização técnico póstécnico especialização técnico desenvolvimento aplicação dispositivo móvel especialização técnico desenvolvimento comércio eletrônico especialização técnico segurança informação especialização técnico desenvolvimento aplicação inteligência artificial especialização técnico desenvolvimento aplicação Internet coisa especialização técnico desenvolvimento aplicação machine learning especialização técnico desenvolvimento aplicação ciência dado especialização técnico desenvolvimento aplicação analytic sugestão verticalização curso graduação curso alto tecnologia bacharelar licenciaturar curso alto tecnologia análise desenvolvimento sistema curso alto tecnologia gestão tecnologia informação curso alto tecnologia banco dado curso alto tecnologia jogo digital curso alto tecnologia segurança informação curso alto tecnologia sistema Internet bacharelar ciência computação bacharelar sistema informação bacharelar engenharia software técnico desenvolvimento sistema aplicação técnico operação monitoração computador
CNCT_89,CNCT,Técnico em Informática para Internet,técnico informática Internet técnico informática Internet habilitar planejar documentar aplicação web dispositivo móvel desenvolver organizar elemento estrutural visual aplicação web dispositivo móvel monitorar projeto aplicação web dispositivo móvel estruturar implementar banco dado aplicação web codificar aplicação web dispositivo móvel publicar testar aplicação web dispositivo móvel documentar realizar manutenção aplicação web dispositivo móvel atuação técnico informática Internet fundamental conhecimento saber relacionar processo planejamento execução projeto website focar experiência usuário testagem análises produto Web liderança equipe ética profissional local ambiente trabalho empresa desenvolvimento site Internet indústria geral empresa comercial empresa consultoria empresa telecomunicação empresa automação industrial empresa prestação serviço empresa desenvolvimento software centro pesquisa qualquer área escola universidade empresa público empresa desenvolvimento jogo console celular tablet computador agência publicidade propaganda centro público acesso Internet sugestão qualificação profissional certificação intermediário curso técnico considerar ocupação prever cbo desenhista produto gráfico web webdesign desenvolvedor aplicação web desenvolvedor aplicação mobile sugestão formação continuar curso especialização técnico póstécnico especialização técnico desenvolvimento aplicação dispositivo móvel especialização técnico desenvolvimento aplicação mídia digital especialização técnico desenvolvimento aplicação comércio eletrônico sugestão verticalização curso graduação curso alto tecnologia bacharelar licenciaturar curso alto tecnologia análise desenvolvimento sistema curso alto tecnologia gestão tecnologia informação curso alto tecnologia jogo digital curso alto tecnologia sistema Internet bacharelar ciência computação bacharelar sistema informação bacharelar engenharia software bacharelar engenharia computação bacharelar engenharia computação desenvolvedor sistema tecnologia informação
CNCT_90,CNCT,Técnico em Programação de Jogos Digitais,técnico programação jogo digital técnico programação jogo digital habilitar planejar desenvolvimento jogo digital multiplataforma planejar atividade programação desenvolvimento jogo digital configurar incorporar elemento multimídio plataforma desenvolvimento desenvolver selecionar algoritmos estrutura dado jogo digital programar integrar elemento multimídio jogo digital computador console dispositivo móvel programar jogo digital multiplayer realizar teste jogo digital realizar manutenção jogo digital atuação técnico programação jogo digital fundamental conhecimento saber relacionar processo produção conteúdo roteirização bem expertise produção equipe método liderança bom prática comunicação produção análises parecer técnico sempre garantir pleno atendimento prazo critério qualidade perfil técnico produção local ambiente trabalho empresa desenvolvimento jogo instituição educação agência publicidade Propaganda estúdio animação startup produção conteúdo interatividade sugestão qualificação profissional certificação intermediário curso técnico considerar ocupação prever cbo programador aplicativo mídia digital programador jogo eletrônico programador jogo web programador jogo dispositivo móvel sugestão formação continuar curso especialização técnico póstécnico especialização técnico roteirização jogo digital especialização técnico masterização sonorização especialização técnico modelagem animação sugestão verticalização curso graduação curso alto tecnologia bacharelar licenciaturar curso alto tecnologia análise desenvolvimento sistema curso alto tecnologia gestão tecnologia informação curso alto tecnologia jogo digital curso alto tecnologia segurança informação curso alto tecnologia sistema Internet bacharelar ciência computação bacharelar engenharia computação bacharelar engenharia software bacharelar sistema informação programador Multimídia
CNCT_91,CNCT,Técnico em Manutenção e Suporte em Informática,técnico manutenção suporte informática técnico manutenção suporte informática habilitar realizar montagem diagnóstico manutenção instalação computador instalar configurar software sistema operacional aplicativo desktop servidor realizar instalação manutenção rede computador realizar manutenção preventivo corretivo computador periférico prestar assistência técnico usuário relação utilização serviço auxiliar atividade infraestrutura manter disponibilidade sistema prestar suporte ambiente interno instalação configuração sistema operacional rede impressora identificar problema eou dificuldade acesso utilização aplicação acompanhar avaliar nível serviço prestar analisar requisição problema apresentar identificar complexidade técnico atuar solução direcionar atendimento acordo nível técnico correspondente verificar sistema requisição incidente fila atendimento analisar prioridade conforme urgência cada caso detectar diagnosticar pessoalmente sintoma apresentar equipamento solicitante fisicamente virtualmente verificar condição funcionamento instalação físico sistema tomar providência necessário acordo problema apresentar responder organização controle peça equipamento retirar estoque controlar logística movimentação configurar equipamento novo funcionário posto trabalho registrar dado protocolo identificação email perfil dispositivo móvel equipamento destinar funcionário realizar constante manutenção equipamento substituir componentesperiférico necessário visar garantir funcionamento adequado recolher equipamento usar utilizado funcionário realizar formatação substituição peça otimizar hardware upgrade objetivo disponibilizar equipamento outro colaborador estabelecer comunicação oral escrever agilizar trabalho redigir documentação técnico organizar local trabalho atuação manutenção suporte informática fundamental conhecimento saber relacionar processo configuração dispositivo informático resolução problema relacionar diversos tecnologia saber relacionar prática liderança equipe bom prática comunicação preservação bom prática uso tecnologia local ambiente trabalho empresa tecnologia informação comunicação empresa telecomunicação prestação serviço indústria comércio consultoria centro pesquisa qualquer área profissional autônomo órgão público setor acadêmico sugestão qualificação profissional certificação intermediário curso técnico considerar ocupação prever cbo assistente suporte manutenção computador assistente operação rede computador assistente operação suporte técnico suporte sistema operacional suporte hardware suporte software instalador reparador rede computador montador reparador computador operador computador instalador reparador rede computador sugestão formação continuar curso especialização técnico póstécnico especialização técnico fornecimento energia sistema computacional especialização técnico manutenção servidor dispositivo armazenamento especialização técnico fornecimento energia sistema computacional especialização técnico manutenção servidor dispositivo armazenamento especialização desenvolvimento dispositivo móvel sugestão verticalização curso graduação curso alto tecnologia bacharelar licenciaturar curso alto tecnologia eletrônica industrial curso alto tecnologia rede computador bacharelar ciência computação bacharelar engenharia computação bacharelar engenharia eletrônico técnico manutenção equipamento informática técnico apoio usuário informática Helpdesk
CNCT_92,CNCT,Técnico em Redes de Computadores,técnico rede computador técnico rede computador habilitar instalar configurar operar sistema rede computacional executar cabeamento rede industrial comercial configurar dimensionar sistema protocolo rede comunicação equipamento computacional equipamento produção industrial controle comercial monitorar ambiente rede executar rotina préestabelecir administração ambiente identificar corrigir desvio relacionar recurso rede conforme procedimento prédefinir operar realizar teste homologar recurso rede conforme requisito prédefinir executar procedimento segurança prédefinir ambiente rede instalar programar configurar customizar recurso rede acordo procedimento operacional padrão técnico prédefinir instalar configurar disponibilizar software aplicativo plataforma operacional rede local acordo procedimento operacional padrão técnico prédefinir efetuar cadastramento habilitação usuário ambiente rede prestar assistência técnico orientar usuário quanto utilização recurso rede coletar informação elaborar relatório técnico acompanhamento contabilização serviço rede executar medição serviço rede verificar cumprimento nível serviço verificar segurança rede transmissão dado testar periodicamente vulnerabilidade rede possível ataque instalar configurar atender problema relacionar produto conectar rede doméstico corporativa internet coisa iot atuação técnico rede computador fundamental conhecimento saber relacionar processo operacional solução rede computador tecnologia sensível processo controle operacional rede bem método prática conectividade interno externo sempre garantir pleno atendimento prazo critério qualidade perfil técnico local ambiente trabalho prestação serviço provedor acesso rede entidade educacional modalidade ead instituição público empresa consultor sugestão qualificação profissional certificação intermediário curso técnico considerar ocupação prever cbo assistente operação rede computador assistente implantação administração infraestrutura rede computador assistente segurança rede computador sugestão formação continuar curso especialização técnico póstécnico especialização técnico segurança rede computador especialização técnico convergência digital sugestão verticalização curso graduação curso alto tecnologia bacharelar licenciaturar curso alto tecnologia gestão tecnologia informação curso alto tecnologia segurança informação curso alto tecnologia rede computador curso alto tecnologia gestão telecomunicação curso alto tecnologia rede telecomunicação curso alto tecnologia sistema telecomunicação curso alto tecnologia telemática bacharelar ciência computação bacharelar engenharia computação bacharelar engenharia telecomunicação bacharelar engenharia elétrico técnico manutenção equipamento informática técnico apoio usuário informática Helpdesk
CNCT_93,CNCT,Técnico em Telecomunicações,técnico telecomunicação técnico telecomunicação habilitar participar elaboração projeto telecomunicação instalar testar realizar manutenção preventivo corretiva sistema telecomunicação configurar equipamento área telefonia transmissão rede comunicação supervisionar tecnicamente processo serviço telecomunicação elaborar documentação técnico prestar assistência técnico cliente realizar programação software específico equipamento telecomunicação participar elaboração documentação técnico atuação técnico telecomunicação fundamental conhecimento saber relacionar processo técnico telecomunicação cabear transmissãotráfego dado móvel bem bom prática comunicação liderança equipe local ambiente trabalho empresa telefonia fixo móvel empresa radiodifusão indústria telecomunicação agência reguladora provedor acesso rede empresa prestação serviço sugestão qualificação profissional certificação intermediário curso técnico considerar ocupação prever cbo instalador reparador rede cabo equipamento telefônico instalador reparador fibra ótico instalador reparador rede computador montador reparador sistema digital montador reparador sistema rádio digital instalador reparador linha rede cabo telefônico instalador antena sistema irradiante operador sistema radiocomunicação operador estação solo instalador sistema associado Internet coisa iot instalador sistema comunicação via rádio instalador sistema comunicação ver satélite sugestão formação continuar curso especialização técnico póstécnico especialização técnico digital especialização técnico sistema comunicação móvel especialização técnico convergência digital sugestão verticalização curso graduação curso alto tecnologia bacharelar licenciaturar curso alto tecnologia gestão telecomunicação curso alto tecnologia rede telecomunicação curso alto tecnologia sistema telecomunicação curso alto tecnologia telemática bacharelar engenharia telecomunicação bacharelar engenharia elétrico técnico telecomunicação telefonia técnico comunicação dado técnico rede telecomunicação técnico transmissão telecomunicação inspetor qualidade instaladorreparador equipamento comutação telefonia
CNCT_94,CNCT,Técnico em Carpintaria,técnico carpintar técnico carpintaria habilitar executar estrutura madeira fibra vidro obra civil palco cenário carroceria carreta embarcação planejar coordenar montagem manutenção controle produção produto executar controle dano avaria instalação meio escoramento paredesteto tamponamento operar máquina ferramenta carpintaria atuação técnico carpintaria fundamental conhecimento saber relacionar processo planejamento beneficiamento madeira estado bruto maciço fibra vidro peça uso estrutura conhecimento saber relacionar sustentabilidade processo produtivo compromisso ética assegurar cumprimento legislação norma técnico vigente habilidade competência relacionar liderança equipe solução problema técnico trabalhista gestão conflito local ambiente trabalho indústria fabricação produto madeira fibra vidro estaleiro canteiro obra oficina manutenção reparo sugestão qualificação profissional certificação intermediário curso técnico considerar ocupação prever cbo carpinteiro construção civil carpinteiro construção naval carpinteiro indústria automotivo carroceria carreta carpinteiro indústria mobiliário mestre carpinteiro revitalizador estrutura madeira revitalizador cobertura Madeira sugestão formação continuar curso especialização técnico póstécnico especialização técnico forma estrutura sugestão verticalização curso graduação curso alto tecnologia bacharelar licenciaturar curso alto tecnologia construção edifício bacharelar engenharia civil bacharelar engenharia naval assistente técnico Madeira técnico madeireiro
CNCT_95,CNCT,Técnico em Desenho de Construção Civil,técnico desenho construção civil técnico desenho construção civil habilitar elaborar desenho detalhamento construção predial estrada obra saneamento estrutura instalação hidráulico elétrico telefônico gás liquefeito petróleo arcondicionar preventiva incêndio rede esgoto água pluvial abastecimento água meio analógico digital coletar processar dado planejar elaboração projeto calcular definir custo desenho analisar croqul elaborar maquete atuação técnico desenho construção civil fundamental conhecimento saber relacionar planejamento técnica processo produção construção civil desenvolvimento projeto utilizar expressão gráfico planificação sólido existente construção civil predial infraestrutura através software específico desenho digital forma analógico respeitar norma técnico vigente além de isso dever prezar ético viabilidade técnicoeconômico preservação meio ambiente ter espírito inovador empreendedor capaz supervisionar equipe intuito solucionar problema técnico gestão conflito local ambiente trabalho empresa engenharia arquitetura escritório projeto imobiliário construtor sugestão qualificação profissional certificação intermediário curso técnico considerar ocupação prever cbo cadistadesenhista construção civil predial infraestrutura editor maquete eletrônica sugestão formação continuar curso especialização técnico póstécnico especialização técnico edição maquete eletrônica especialização técnico modelagem digital terreno especialização técnico modelagem informação construção bim sugestão verticalização curso graduação curso alto tecnologia bacharelar licenciaturar curso alto tecnologia agrimensura curso alto tecnologia estrada curso alto tecnologia construção edifício curso alto tecnologia controle obra curso alto tecnologia material construção curso alto tecnologia obra hidráulico bacharelar engenharia civil bacharelar engenharia produção civil bacharelar engenharia ambiental bacharelar engenharia Sanitária ambiental bacharelar arquitetura urbanismo desenhista técnico desenhista técnico auxiliar desenhista detalhistar desenhista copistar operador cad copista desenhista detalhistar cad desenhista técnico arquitetura cadista desenhista técnico arquitetura desenhista arquitetura desenhista técnico cartografia desenhista técnico construção civil desenhista técnico instalação hidrossanitário desenhista projetistar arquitetura desenhista projetistar construção civil
CNCT_96,CNCT,Técnico em Edificações,técnico edificação técnico edificação habilitar desenvolver projeto arquitetura estruturo instalação elétrico hidrossanitária usar meio físico digital elaborar orçamento obra serviço planejar execução serviço construção manutenção predial executar obra serviço construção manutenção predial executar ensaio material construção solo controle tecnológico conduzir plano qualidade construção coordenar execução serviço manutenção equipamento instalação edificação atuação técnico edificação fundamental conhecimento saber relacionar processo planejamento construção edificação modo assegurar saúde segurança trabalhador futuro ocupante imóvel conhecimento saber relacionar sustentabilidade processo produtivo técnica processo produção construção civil norma técnico habilidade competência relacionar liderança equipe solução problema técnico trabalhista gestão conflito local ambiente trabalho construtora empresa projeto obra escritório empresa material construção órgão público empresa privado sugestão qualificação profissional certificação intermediário curso técnico considerar ocupação prever cbo cadista construção civil desenhista calculista construção civil desenhista arquitetura desenhista detalhistar laboratorista orçamentisto construção civil mestre obra sugestão formação continuar curso especialização técnico póstécnico especialização técnico conservação restauro construção especialização técnico eficiência energético edificação especialização técnico licitação obra público especialização técnico modelagem informação construção bim especialização técnico programa qualidade construção civil sugestão verticalização curso graduação curso alto tecnologia bacharelar licenciaturar curso alto tecnologia construção edifício curso alto tecnologia controle obra curso alto tecnologia material construção curso alto tecnologia saneamento ambiental curso alto tecnologia obra hidráulico curso alto tecnologia agrimensura curso alto tecnologia design interior bacharelar engenharia civil bacharelar arquitetura bacharelar engenharia ambiental bacharelar engenharia cartográfico agrimensura bacharelar engenharia sanitário ambiental fiscal medição obra civil inspetor obra técnico analista custos construção civil técnico construção civil técnico edificação técnico edificação estrada saneamento técnico manutenção obra técnico obra desenhista técnico desenhista detalhistar desenhista copistar desenhista detalhistar cad desenhista técnico arquitetura cadista desenhista técnico arquitetura desenhista técnico instalação hidrossanitário auxiliar manutenção predial técnico planejamento obra técnico canteiro obra construção civil técnico desenho construção civil técnico laboratório campo construção civil técnico orçamentisto obra construção civil técnico obra civil assistente engenharia construção civil auxiliar técnico engenharia construção civil
CNCT_97,CNCT,Técnico em Estradas,técnico estrada técnico estrada habilitar executar estudo topográfico hidrológico geotécnico executar levantamento topográfico geoprocessamento hidrológico geotécnico auxiliar supervisionar elaboração projeto bim topografia geoprocessamento geométrico terraplenagem drenagem geotecnia pavimentação sinalização rodoviário auxiliar supervisionar construção gerenciamento manutenção conservação via rodoviário urbana implementar ação melhoria produtividade máquina equipamento supervisionar executar ensaio solo agregado mistura betuminoso concreto elaborar orçamento medição controle custo atuação técnico estrada fundamental conhecimento saber relacionar processo planejamento construção âmbito infraestrutura modo assegurar saúde segurança trabalhador futuro usuário conhecimento saber relacionar sustentabilidade processo produtivo técnica processo produção construção civil norma técnico liderança equipe solução problema técnico trabalhista gestão conflito local ambiente trabalho empresa consultoria projeto sistema viário empresa construtor empresa público manutenção sistema viário empresa topografia geoprocessamento empresa locação equipamento pesar empresa mineradoro empresa manutenção restauração rodovia usina asfalto sugestão qualificação profissional certificação intermediário curso técnico considerar ocupação prever cbo desenhista modelador bim laboratorista material construção laboratorista solo orçamentisto supervisor gestão obra sugestão formação continuar curso especialização técnico póstécnico especialização técnico barragem terra especialização técnico construção ponte especialização técnico drenagem profundo rebaixamento lençol freático especialização técnico educação segurança trânsito especialização técnico ensaio destrutivo aplicar obra infraestrutura especialização técnico geoprocessamento especialização técnico geossintético especialização técnico gestão recurso humano grande obra especialização técnico planejamento orçamento controle obra infraestrutura especial especialização técnico plano corte rocha especialização técnico sinalização viário especialização técnico via permanente sugestão verticalização curso graduação curso alto tecnologia bacharelar licenciaturar curso alto tecnologia estrada curso alto tecnologia transporte terrestre bacharelar engenharia civil bacharelar engenharia transporte bacharelar engenharia mobilidade bacharelar engenharia agrimensura bacharelar engenharia cartográfico técnico estrada topógrafo assistente técnico engenharia obra infraestrutura estrada auxiliar técnico conservação estrada caminho ponte auxiliar técnico obra infraestrutura estrada técnico construção estrada técnico inspeção especificação material equipamento construção estrada técnico transporte ferroviário técnico construção civil obra infraestrutura estrada
CNCT_98,CNCT,Técnico em Saneamento,técnico saneamento técnico saneamento habilitar coordenar projeto obra aterro sanitário supervisionar disposição reciclagem resíduo unidade compostagem desenvolver coordenar executar projeto obra sistema estação tratamento água captação transporte tratamento distribuição esgoto coleta transporte tratamento disposição final executar fiscalizar obra drenagem urbano realizar manutenção equipamento rede estruturar serviço coleta resíduo sólir obra controlar procedimento preservação meio ambiente fiscalizar atividade obra realizar vistorio inspeção análises técnica projeto obra processo promover Educação sanitárir ambiental elaborar orçamento obra serviço saneamento básico atuação técnico saneamento fundamental conhecimento saber relacionar atividade planejamento elaboração projeto associar operação manutenção sistema estação tratamento água esgoto resíduo sólir drenagem urbano respeitar norma higiene saúde segurança trabalho além de isso dever prezar ético viabilidade técnicoeconômico preservação meio ambiente ter espírito inovador empreendedor capaz supervisionar equipe intuito solucionar problema técnico trabalhista local ambiente trabalho empresa construção reciclagemr captação purificação distribuição água coleto resíduo sólir água residual esgoto doméstico industrial escritório consultoria projeto laboratório pesquisa desenvolvimento órgão público municipal estadual federal agência ambiental reguladora sugestão qualificação profissional certificação intermediário curso técnico considerar ocupação prever cbo agente desenvolvimento socioambiental agente gestão resíduo sólir agente limpeza urbano operador aterro sanitário resíduo sólir urbano sugestão formação continuar curso especialização técnico póstécnico especialização técnico análises laboratorial solo especialização técnico análises laboratorial saneamento especialização técnico manejo resíduo sólir especialização técnico operação eta ete sugestão verticalização curso graduação curso alto tecnologia bacharelar licenciaturar curso alto tecnologia saneamento ambiental curso alto tecnologia obra hidráulico curso alto tecnologia controle obra curso alto tecnologia material construção curso alto tecnologia construção edifício bacharelar engenharia civil bacharelar engenharia ambiental bacharelar engenharia Sanitária ambiental bacharelar engenharia produção civil técnico saneamento assistente técnico engenharia obra saneamento auxiliar técnico obra saneamento técnico inspeção especificação material equipamento obra saneamento técnico rede água esgoto técnico construção civil obra saneamento técnico hidrometria obra saneamento técnico planejamento obra infraestrutura saneamento técnico sondagem obra saneamento
CNCT_99,CNCT,Técnico em Agrimensura,técnico agrimensura técnico agrimensura habilitar executar levantamento geodésico topográfico utilizar equipamento método específico fazer locação obra sistema transporte civil industrial rural delimitar gleba identificar elemento superfície ponto apoio georreferenciamento amarração organizar supervisionar ação levantamento mapeamento efetuar aerotriangulação restituir fotografia aéreo elaboração produto cartográfico diferentes sistema referência projeção processar interpretar dado sensoriamento remoto foto terrestre foto aéreo modo integrar dado carta mapa planta utilizar ferramenta geoprocessamento executar cadastro técnico multifinalitário identificar método equipamento coleta dado participar planejamento loteamento desmembramento obra engenharia dar assistência técnico compra venda utilização produto equipamento especializados executar levantamento coleta dado espacial geométrico atuação técnico agrimensura fundamental conhecimento saber relacionar execução levantamento geodésico topográfico vistoria arbitramento relativo agrimensuro intuito permitir organização fundiário espaço rural incluir medição demarcação divisão mapeamento avaliação regulamentação terra compromisso ética assegurar cumprimento legislação norma técnico vigente habilidade liderança equipe solução problema técnico trabalhista gestão conflito local ambiente trabalho empresa mapeamento levantamento topográfico comercialização equipamento instrumento específico função aerolevantamento logística distribuição carga força armado concessionária serviço público agência reguladoro sugestão qualificação profissional certificação intermediário curso técnico considerar ocupação prever cbo auxiliar topografia topógrafo cadista construção civil editor maquete eletrônica sugestão formação continuar curso especialização técnico póstécnico especialização técnico cadastramento ambiental rural especialização técnico georreferenciamento imóvel rural especialização técnico monitoramento estrutura sugestão verticalização curso graduação curso alto tecnologia bacharelar licenciaturar curso alto tecnologia agrimensura curso alto tecnologia geoprocessamento curso alto tecnologia estrada curso alto tecnologia construção civil bacharelar engenharia agrimensura bacharelar engenharia cartográfico bacharelar engenharia cartográfico agrimensura bacharelar geografia bacharelar engenharia ambiental técnico agrimensura auxiliar topógrafo técnico geodésia cartografia técnico hidrografia desenhista cartografia desenhista técnico topografia
CNCT_100,CNCT,Técnico em Geodésia e Cartografia,técnico geodésia cartografia técnico geodésia cartografia habilitar manipular mapa analógico digital obtenção informação espacial utilizar dado coletar sensor orbital aéreo produção cartográfico coletar processar dado posicionamento terrestre realizar processamento digital imagem sistema informação geográfico desenho assistir computador utilizar ferramenta geoprocessamento atuação técnico geodésia cartografia fundamental conhecimento saber relacionar elaboração mapa planta carta digital memorial laur obter partir levantamento topográfico geodésico sensoriamento remoto compromisso ética garantir cumprimento legislação norma técnico vigente habilidade saber relacionar liderança equipe solução problema técnico trabalhista gestão conflito local ambiente trabalho atividade mapeamento levantamento topográfico comercialização equipamento instrumento específico função aerolevantamento força armado entidade ambiental administração público empresa logística distribuição carga concessionária serviço público agência reguladoro força aéreo brasileiro sugestão qualificação profissional certificação intermediário curso técnico considerar ocupação prever cbo cadista construção civil editor maquete eletrônica sugestão formação continuar curso especialização técnico póstécnico especialização técnico cadastramento ambiental rural especialização técnico georreferenciamento imóvel rural especialização técnico monitoramento estrutura sugestão verticalização curso graduação curso alto tecnologia bacharelar licenciaturar curso alto tecnologia agrimensura curso alto tecnologia geoprocessamento curso alto tecnologia estrada curso alto tecnologia construção civil bacharelar engenharia agrimensura bacharelar engenharia cartográfico bacharelar engenharia cartográfico agrimensura bacharelar geografia bacharelar engenharia ambiental técnico agrimensura técnico geodésia cartografia técnico hidrografia desenhista técnico cartografia desenhista cartografia desenhista técnico topografia
CNCT_101,CNCT,Técnico em Geoprocessamento,técnico geoprocessamento técnico geoprocessamento habilitar executar levantamento coleta dado espacial implantar projeto sistema transporte obra civil industrial rural elaborar produto cartográfico partir foto terrestre aéreo imagem satélite analisar dado espacial utilizar ferramenta geoprocessamento realizar modelagem dado espacial definir consulta relacionar fenômeno mapear geração relatório mapa temático prestar assistência técnico compra venda utilização equipamento especializados coordenar supervisionar execução serviço técnico realizar perícia técnico organizar supervisionar levantamento mapeamento atuação técnico geoprocessamento fundamental conhecimento saber relacionar obtenção dado espacial cadastral mapeamento superfície terrestre auxiliar atividade área cartografia Fotogrametria sensoriamento remoto sistema informação geográfico espírito liderança compromisso ética garantir cumprimento legislação norma técnico vigente conhecimento relacionar solução problema técnico trabalhista gestão conflito local ambiente trabalho atividade mapeamento levantamento topográfico comercialização equipamento instrumento específico função aerolevantamento entidade ambiental atividade logística distribuição carga força armado concessionária serviço público agência reguladoro sugestão qualificação profissional certificação intermediário curso técnico considerar ocupação prever cbo cadista construção civil editor maquete eletrônica sugestão formação continuar curso especialização técnico póstécnico especialização técnico banco dado espacial especialização técnico cadastramento técnico multifinalitário especialização técnico georreferenciamento imóvel rural sugestão verticalização curso graduação curso alto tecnologia bacharelar licenciaturar curso alto tecnologia geoprocessamento curso alto tecnologia construção civil curso alto tecnologia agrimensura bacharelar engenharia agrimensura bacharelar engenharia cartográfico bacharelar engenharia cartográfico agrimensura bacharelar geografia bacharelar engenharia ambiental topógrafo técnico agrimensura técnico geodésia cartografia técnico hidrografia desenhista técnico cartografia desenhista cartografia desenhista técnico topografia
CNCT_102,CNCT,Técnico em Hidrologia,técnico hidrologia técnico hidrologia habilitar instalar operar realizar manutenção equipamento destinar medição nível vazão rio lago estuário equipamento registro corrente maré ondas outro característica marítimo coletar analisar dado monitoramento ambiental bacia hidrográfico análise qualidade água análises sedimento executar levantamento bacia hidrográfico campo meio ferramenta cartográfico realizar ensaio infiltração bombeamentar poço ação controle erosão participar projeto obra hidráulico execução estudo modelo reduzir realizar levantamento topográfico área bacia hidrográfico perfis praia realizar levantamento característica batimétrico morfológica curso dágua implantar controlar sistema irrigação atuação técnico hidrologia fundamental conhecimento saber relacionar processo informatizar análise documental execução cálculo desenho técnico elaboração relatório técnico acordo norma técnico habilidade saber relacionar liderança equipe solução problema técnico trabalhista gestão conflito local ambiente trabalho instituição pesquisa empresa recurso hídrico empresa saneamento básico consultor ambiental sugestão qualificação profissional certificação intermediário curso técnico considerar ocupação prever cbo auxiliar topografia topógrafo cadista laboratorista solo sugestão formação continuar curso especialização técnico póstécnico especialização técnico ensaio permeabilidade campo laboratório especialização técnico medição fluvial lacustr sugestão verticalização curso graduação curso alto tecnologia bacharelar licenciaturar curso alto tecnologia gestão ambiental curso alto tecnologia obra hidráulico curso alto tecnologia saneamento ambiental bacharelar engenharia ambiental bacharelar engenharia sanitário ambiental bacharelar engenharia civi técnico hidrografia auxiliar técnico hidrografia hidrotécnico técnico agrimensura técnico geodésia cartografia topógrafo
CNCT_103,CNCT,Técnico Aeroportuário,técnico aeroportuário técnico aeroportuário habilitar inspecionar garantir manutenção instalação equipamento realizar calibração reparar sistema aeroportuário quanto segurança integridade funcionamento executar plano manutenção aeroporto controlar coordenar trânsito pessoal viatura área operacional supervisionar carregamento descarregamento aeronave auxiliar operação solo sinalização aeronave controlar combustível aviação executar teste abastecimento aeronave verificar monitorar estado funcionamento utilização instalação unidade operacional realizar atividade relacionar empresa usuário controlar serviço envolver acesso sala entrada restritar controlar manutenção gestão elevador passarelasescada rolante finger analisar relatório operacional atuação técnico aeroportuário fundamental conhecimento saber relacionar atividade planejamento associar instalação manutenção operação segurança sistema equipamento aeroportuário acordo regulamentação brasileiro aviação civil atividade calibração além de isso dever prezar ética preservação meio ambiente ter espírito inovador empreendedor capaz supervisionar equipe intuito solucionar problema técnico trabalhista gestão conflito local ambiente trabalho empresa administração aeroportuária agência reguladora navio plataforma voo empresa aéreo sugestão qualificação profissional certificação intermediário curso técnico considerar ocupação prever cbo agente aeroporto agente operação comissaria agente peso balanceamento aeronave agente rampa fiscal pista sugestão formação continuar curso especialização técnico póstécnico especialização técnico arrumação conferência carga especialização técnico fiscal pátio pista especialização técnico gestão aeroporto regional especialização técnico manutenção aeroportuário especialização técnico operação aeroportuário especialização técnico planejamento avaliação exercício simular especialização técnico segurança operacional aeroporto regional especialização técnico tarifa aeroportuário sugestão verticalização curso graduação curso alto tecnologia bacharelar licenciaturar curso alto tecnologia transporte aéreo curso alto tecnologia transporte terrestre curso alto tecnologia comércio exterior curso alto tecnologia logística curso alto tecnologia comunicação aeronáutico curso alto tecnologia gerenciamento tráfego aéreo curso alto tecnologia gestão manutenção aeronáutico bacharelar engenharia aeronáutico bacharelar engenharia civilaeronáutico gerente administração aeroporto gerente empresa aéreo aeroporto operador atendimento aeroviário supervisor empresa aéreo aeroporto
CNCT_104,CNCT,Técnico em Portos,técnico porto técnico porto habilitar desenvolver atividade gerenciamento monitoramento supervisão programação controle operação portuário diversos controlar programar coordenar operação transporte geral inclusive transporte carga perigoso prestar suporte técnico atividade armazenagem carga inclusive armazenagem carga perigoso supervisionar operação embarque transbordo desembarque carga diverso modo transporte prestar suporte técnico agenciamento embarcação encaminhar procedimento importação exportação verificar condição segurança meio transporte equipamento utilizado carga programar supervisionar manutenção equipamento eletromecânico operação portuário verificar inspecionar eficiência operacional equipamento veículo interpretar elaborar preparar documentação necessário desembaraço aduaneiro carga atender cliente interno externo elaborar cotação preço serviço transporte inclusive transporte multimodal identificar programar rota transporte carga utilizar tecnologia aplicar processo gestão informação sobre condição transporte carga atuação técnico porto fundamental conhecimento saber relacionar processo desembaraço aduaneiro carga transporte terrestre contêiner operação logístico transporte armazenagem mercadoria perigoso sistemático importação exportação operação embarquedesembarque navio logística armazém comprometimento questão ambiental social desenvolvimento tecnológico solução problema busco inovação tecnológico conhecimento relacionar liderança equipe solução problema técnico trabalhista gestão conflito local ambiente trabalho empresa administração portuário público privar terminal privado tup estação transbordo carga etcs empresa apoio serviço portuário empresa dragagem empresa transporte aquaviário companhias navegação agência marítimo órgão regulador empresa comércio exterior importadora exportadoro agência navegação tap terminal alfandegar público privado ipa instalação portuário alfandegar estaleiro terminal contêiner tra terminal retroportuário alfandegar eadi estação aduaneira interior terminal granél sólido líquido gasoso operador portuário sugestão qualificação profissional certificação intermediário curso técnico considerar ocupação prever cbo conferente carga assistente operação logística portuário auxiliar transporte movimentação distribuição carga sugestão formação continuar curso especialização técnico póstécnico especialização técnico transporte aquaviário especialização técnico transporte carga especialização técnico transporte rodoviário especialização técnico transporte dutoviário especialização técnico transporte metroferroviário especialização técnico survey cargo sugestão verticalização curso graduação curso alto tecnologia bacharelar licenciaturar curso alto tecnologia gestão portuário curso alto tecnologia sistema navegação fluvial curso alto tecnologia transporte terrestre curso alto tecnologia comércio exterior curso alto tecnologia logística despachante aduaneiro chefe estação portuário agente estação portuário supervisor operação portuário analista exportação importação conferente portuário
CNCT_105,CNCT,Técnico em Trânsito,técnico trânsito técnico trânsito habilitar realizar procedimento gestão planejamento fiscalização operação trânsito promover educação segurança trânsito organizar operação tráfego urbano organizar controle manutenção equipamento tráfego monitoramento trânsito via público fiscalização trânsito veículo supervisionar cumprimento legislação referente trânsito veículo realizar pesquisa tratamento estatístico tráfego supervisionar operação tráfego realizar estudo implantação melhoria trânsito via rural cidade região metropolitana atuação técnico trânsito fundamental conhecimento saber relacionar processo gestão planejamento projeto implantação operação atividade relacionar transporte passageiro logístico transporte carga conhecimento saber relacionar educação segurança trânsito engenharia tráfego assegurar mobilidade urbano acordo técnica processo norma técnico habilidade competência relacionar liderança equipe solução problema técnico trabalhista gestão conflito local ambiente trabalho agência reguladora público transporte concessionária rodoviário ferroviário empresa consultoria projeto empresa engenharia tráfego empresa logística operadora transporte público operadora transporte carga órgão gestor mobilidade urbano centro formação condutor empresa operação gestão via urbano empresa sinalização viár sugestão qualificação profissional certificação intermediário curso técnico considerar ocupação prever cbo supervisor transporte sugestão formação continuar curso especialização técnico póstécnico especialização técnico educação segurança trânsito especialização técnico geoprocessamento especialização técnico legislação urbanístico mobilidade urbano especialização técnico simulação sugestão verticalização curso graduação curso alto tecnologia bacharelar licenciaturar curso alto tecnologia estrada curso alto tecnologia transporte terrestre bacharelar engenharia civil bacharelar engenharia transporte bacharelar engenharia mobilidade chefe serviço transporte rodoviário passageiro carga assistente tráfego rodoviário chefe departamento motorista chefe serviço transporte rodoviário coordenador tráfego rodoviário encarregar tráfego rodoviário gerente frota transporte rodoviário programador transporte rodoviário inspetor serviço transporte rodoviário passageiro carga
CNCT_106,CNCT,Técnico em Transporte Aquaviário,técnico transporte aquaviário técnico transporte aquaviário habilitar operar coordenar fiscalizar transporte aquaviário pessoa carga operar movimentação terminal logística navegação coordenar fiscalizar atividade prestação serviço transporte aquaviário atuação técnico aquaviário fundamental conhecimento saber relacionar desenvolvimento operação coordenação supervisão fiscalização transporte aquaviário incluir movimentação terminal logístico navegação apoio portuário primar elevado grau responsabilidade social ambiental aptidão trabalho equipe ético iniciativo responsabilidade respeito norma técnico segurança reconhecer competência técnico político local ambiente trabalho instituição público privar terceiro setor empresa navegação cabotagem apoio portuário apoio portuáriodragagem apoio marítimo empresa transporte fluvial passageiro veículo carga agência marítimo agência navegação órgão regulador sugestão qualificação profissional certificação intermediário curso técnico considerar ocupação prever cbo assistente operação logística portuário auxiliar transporte movimentação distribuição carga conferente carga marinheiro fluvial convés sugestão formação continuar curso especialização técnico póstécnico especialização técnico serviço aduaneiro especialização técnico transporte aquaviário especialização técnico transporte carga especialização técnico transporte dutoviário especialização técnico transporte rodoviário sugestão verticalização curso graduação curso alto tecnologia bacharelar licenciaturar curso alto tecnologia comércio exterior curso alto tecnologia logística curso alto tecnologia gestão portuário curso alto tecnologia sistema navegação fluvial bacharelar engenharia civil bacharel ciência náutico supervisor operação portuário chefe operação portuário coordenador operação portuário encarregar operação portuário chefe estação portuário agente estação portuário
CNCT_107,CNCT,Técnico em Transporte de Cargas,técnico transporte carga técnico transporte carga habilitar planejar executar coordenar controlar fiscalizar operação transporte carga realizar acondicionamento movimento carga realizar controle custo apoio gestão operacional coordenar processo acondicionamento embalagem movimentação carga diferentes modal transporte organizar sistema informação documentação arquivo colaborar definição negociação tarifa definição controle custo transporte coordenar fiscalizar atividade prestação serviço transporte carga selecionar fornecedor veículo componente serviço atuação técnico transporte carga fundamental conhecimento saber relacionar controle processo acondicionamento embalagem movimentação carga determinar sistema transporte frota considerar modal roteirização composição custo frete negociação compromisso ética questão social desenvolvimento tecnológico formação habilidade solução problema inerente processo produtivo busca inovação tecnológico liderança equipe solução problema técnico trabalhista gestão conflito local ambiente trabalho empresa logística transporte carga diferentes modal terminal carga órgão fiscalizador transporte carga empresa distribuição carga mercadoria empresa transporte multimodal carga sugestão qualificação profissional certificação intermediário curso técnico considerar ocupação prever cbo arrumador conferente carga arrumador estivador auxiliar transporte movimentação distribuição carga conferente carga marinheiro fluvial máquina operador terminal portuário sugestão formação continuar curso especialização técnico póstécnico especialização técnico transporte carga perigoso especialização técnico transporte dutoviário sugestão verticalização curso graduação curso alto tecnologia bacharelar licenciaturar curso alto tecnologia transporte terrestre curso alto tecnologia comércio exterior curso alto tecnologia logística chefe serviço transporte rodoviário passageiro carga chefe departamento motorista chefe serviço transporte rodoviário coordenador tráfego rodoviário encarregar tráfego rodoviário gerente frota transporte rodoviário gerente tráfego rodoviário inspetor serviço transporte rodoviário passageiro carga agente rodoviário controlador serviço transporte rodoviário inspetor carga descarga inspetor tráfego rodoviário
CNCT_108,CNCT,Técnico em Transporte Metroferroviário,técnico transporte metroferroviário técnico transporte metroferroviário habilitar operar coordenar fiscalizar transporte metroferroviário coordenar circulação veículo metroferroviário trabalhar planejamento execução controle atividade ligar operação pátio terminal veículo sinalização equipamento transporte metroferroviário coordenar circulação veículo metroferroviário administrar controlar atividade pátio terminal controlar programar horário circulação trem operar equipamento sistema sinalização telecomunicação bordo utilizado sistema metroferroviário manobrar equipamento veículo metroferroviário preencher relatório planilho documento despacho diário operacional boletim ocorrência atuação técnico transporte metroferroviário fundamental conhecimento saber relacionar controle operação veículo pátio via ferroviário modo assegurar saúde segurança trabalhador usuário transporte metroferroviário além ter comprometimento questão social desenvolvimento tecnológico proatividade formação solução problema busca inovação tecnológico habilidade saber relacionar liderança equipe solução problema técnico trabalhista gestão conflito local ambiente trabalho instituição público privado sistema transporte metroferroviário concessionária órgão controle regulação empresa projeto operação consultorio setor metroferroviário sugestão qualificação profissional certificação intermediário curso técnico considerar ocupação prever cbo agente estação metroviário manobrista metroviário agente estação ferroviário auxiliar maquinista despachante transporte coletivo manobrista ferroviário sugestão formação continuar curso especialização técnico póstécnico especialização técnico sinalização ferroviário especialização técnico transporte multimodal passageiro carga especialização técnico construção ferroviário especialização técnico via permanente sugestão verticalização curso graduação curso alto tecnologia bacharelar licenciaturar curso alto tecnologia transporte terrestre curso alto tecnologia logística bacharelar engenharia ferroviário metroviária bacharelar engenharia transporte bacharelar engenharia civil agente carga agente transporte operador transporte multimodal analista transporte multimodal programador transporte multimodal técnico operação transporte supervisor carga descarga manobrador ferrovia manobreiro ferrovia manobreiro tr
CNCT_109,CNCT,Técnico em Transporte Rodoviário,técnico transporte rodoviário técnico transporte rodoviário habilitar organizar controlar operação executar logística tráfego rodoviário planejar operacionalizar executar logística transporte passageiro administrar controlar frota veículo transporte rodoviário carga passageiro executar operação comercialização manutenção equipamento planejar armazenagem processo expedição empresa centro distribuição planejar executar distribuição pessoal carga coordenar ação intermodalidade transporte identificar característica malha viário diverso tipo veículo transportador aplicar legislação trânsito veículo transporte passageiro preparar gerenciar documentação necessário operação transporte atuação técnico transporte rodoviário fundamental conhecimento saber relacionar controle operação logístico transporte rodoviário passageiro carga modo assegurar saúde segurança trabalhador usuário compromisso ética questão ambiental social desenvolvimento tecnológico habilidade solução problema conhecimento habilidade relacionar busca inovação tecnológico liderança equipe solução problema técnico trabalhista gestão conflito local ambiente trabalho empresa transporte urbano empresa transporte carga empresa operação gestão via rodoviário sugestão qualificação profissional certificação intermediário curso técnico considerar ocupação prever cbo agente operacional estação passageiro cobrador ônibus coletivo urbano despachante transporte coletivo manobrista veículo manutenção mecânico veículo sugestão formação continuar curso especialização técnico póstécnico especialização técnico transporte multimodal sugestão verticalização curso graduação curso alto tecnologia bacharelar licenciaturar curso alto tecnologia transporte terrestre curso alto tecnologia estrada curso alto tecnologia logística bacharelar engenharia civil bacharelar engenharia transporte bacharelar engenharia mobilidade despachante aduaneiro chefe serviço transporte rodoviário passageiro carga assistente tráfego rodoviário chefe departamento motorista chefe serviço transporte rodoviário coordenador tráfego rodoviário gerente frota transporte rodoviário gerente tráfego rodoviário programador transporte rodoviário supervisor tráfego rodoviário
CNCT_110,CNCT,Técnico em Agroindústria,técnico agroindústria técnico agroindústria habilitar aplicar tecnologia voltadas conservação processamento matériasprima origem animal vegetal agroindústria extensão rural realizar implantação execução avaliação programa preventivo segurança trabalho gestão resíduo diminuição impacto ambiental higienização sanitização produção agroindustrial realizar análises laboratorial alimento desenvolver técnica mercadológico produto insur agroindústria promover inovação tecnológico atuação técnico agroindústria fundamental conhecimento saber relacionar tecnologia processamento conservação alimento programa controle qualidade gestão resíduo proatividade liderança capacidade trabalho equipe inovação tecnológico local ambiente trabalho agroindústrio indústria alimento bebida laboratório análises alimento consultoria órgão fiscalização higiênicosanitário instituição ensino ear pesquisa instituição público empresa rural extensão sugestão qualificação profissional certificação intermediário curso técnico considerar ocupação prever cbo auxiliar laboratório análises físicoquímico produtor bebida alcoólico produtor bebida nãoalcoólico produtor derivado leite produtor embutido defumar sugestão formação continuar curso especialização técnico póstécnico especialização técnico reciclagem global laticínio especialização técnico instalação manutenção equipamento agroindustrial especialização técnico tecnologia óleos grão sugestão verticalização curso graduação curso alto tecnologia bacharelar licenciaturar curso alto tecnologia alimento curso alto tecnologia agroindústria curso alto tecnologia laticínio curso alto tecnologia processamento carne curso alto tecnologia produção cachaça curso alto tecnologia viticultura enologia bacharelar engenharia alimento auxiliar laboratório análises físicoquímico
CNCT_111,CNCT,Técnico em Alimentos,técnico alimento técnico alimento habilitar coordenar conduzir dirigir executar processamento conservação matériasprima ingrediente produto subproduto indústria alimentício bebida agroindústria comércio alimento realizar análises físicoquímica microbiológico sensorial controle processo implantar coordenar procedimento segurança alimento programa garantia controle qualidade supervisionar instalação manutenção equipamento controlar corrigir desvio processo manual automatizar indústria aplicar solução tecnológico aumentar produtividade desenvolver produto processo responsabilizarse elaboração execução projeto promover assistência técnico compra venda utilização produto equipamento maquinário atuação técnico alimento fundamental conhecimento saber relacionar processamento conservação matériasprima produto subproduto indústria alimentício bebida conhecimento saber relacionar transformação químico bioquímico física alimento realização análise laboratorial sensorial gestão sistema controle garantir qualidade segurança alimento visão global processo produção manual automatizado indústria responsabilidade técnico norma técnico conhecimento saber relacionar liderança equipe tomar decisão capacidade adaptação novo ambiente situação atitude profissional postura ético proatividade solução problema técnico trabalhista gestão conflito local ambiente trabalho indústria comércio alimento bebida agroindústria extensão rural entreposto armazenamento beneficiamento laboratório análises laboratorial controle qualidade instituição órgão pesquisa ensino administração público direto indireto órgão fiscalização inspeção sanitárir proteção consumidor indústria insumo processo produto estação tratamento água resíduo industrial efluente serviço alimentação empreendimento próprio autônomo consultoria técnico sugestão qualificação profissional certificação intermediario curso técnico considerar ocupação prever cbo assistente laboratório assistente laboratório industrial auxiliar laboratório análises físicoquímico sugestão formação continuar curso especialização técnico póstécnico programa sistema gestão segurança alimento auditoria qualidade segurança alimento desenvolvimento produto alimentício análises laboratorial instrumental industria alimento processamento alimento embalagem sugestão verticalização curso graduação curso alto tecnologia bacharelar licenciaturar curso alto tecnologia agroindústria curso alto tecnologia alimento curso alto tecnologia laticínio curso alto tecnologia processamento carne curso alto tecnologia produção cacau chocolate curso alto tecnologia produção cachaça curso alto tecnologia viticultura enologia bacharelar agroindústria bacharelar engenharia alimento bacharelar ciência tecnologia alimento técnico alimento auxiliar laboratório análises físicoquímico
CNCT_112,CNCT,Técnico em Cervejaria,técnico cervejario técnico cervejaria habilitar coordenar supervisionar atividade fabricação cerveja desenvolver técnica mercadológico produto insur indústria cervejeira coordenar aquisição manutenção equipamento insumo promover inovação tecnológico desenvolvimento novo produto controlar corrigir desvio processo manual automatizar utilizar bom prática fabricação rotulagem identificação embalagem adequar efetuar controle qualidade realizar análises químico físico biológico sensorial planejar executar processo trabalho comércio venda cerveja supervisionar tratamento destino adequado resíduo efluente operar software controle processo cervejeiro atuação técnico cervejario fundamental conhecimento saber relacionar processo manual automatizado produção cerveja operacionalização software controle processo conhecimento saber relacionar gestão resíduo indústria cervejeiro gestão indústria cervejeiro empreendedorismo inovação conhecimento saber relacionar norma técnico qualidade indústria cervejeira cerveja conhecimento saber relacionar execução análises qualidade cerveja conhecimento saber relacionar solução problema criatividade trabalho equipe local ambiente trabalho indústria fabricação cerveja microcervejaria agroindústrio indústria bebida serviço distribuição comercialização instituição ensino ear pesquisa consultoria técnico autônomo empreendimento próprio empresa insumo equipamento produção cerveja sugestão qualificação profissional certificação intermediário curso técnico considerar ocupação prever cbo cervejeiro produtor cerveja sommelier cerveja sugestão formação continuar curso especialização técnico póstécnico especialização técnico mestre cervejeiro especialização técnico brassagem sugestão verticalização curso graduação curso alto tecnologia bacharelar licenciaturar curso alto tecnologia alimento curso alto tecnologia agroindústria curso alto tecnologia produção cachaça curso alto tecnologia viticultura enologia bacharelar engenharia alimento bacharelar ciência tecnologia alimento cervejeiro
CNCT_113,CNCT,Técnico em Confeitaria,técnico confeitaria técnico confeitaria habilitar planejar desenvolver produção confeitaria forma artesanal industrializar utilizar equipamento utensílio tecnologia aplicar processo conforme bom prática manipulação alimento elaborar padronizar ficha técnico controle operacional diferentes tipo operação promover inovação desenvolvimento novo produto processo utilizar bom prática manipulação alimento rotulagem identificação embalagem adequado efetuar controle qualidade estoque custo consumo utilizar técnica mercadológico produto insur confeitaria planejar executar aquisição manutenção preventivo equipamento atuação técnico confeitaria fundamental conhecimento saber relacionar tecnologia processamento conservação produção confeitaria implementação análises laboratorial sensorial gestão sistema controle garantia qualidade segurança alimento visão global processo produção manual automatizar responsabilidade técnico norma técnico gestão sustentável proatividade liderança capacidade trabalho equipe inovação tecnológico local ambiente trabalho confeitaria padario afim restaurante afim catering bufês meio hospitalidade cruzeiro marítimo instituição ensino ear pesquisa consultoria técnico autônomo empreendimento próprio sugestão qualificação profissional certificação intermediário curso técnico considerar ocupação prever cbo auxiliar confeitaria confeiteiro sugestão formação continuar curso especialização técnico póstécnico especialização técnico confeitaria artístico especialização técnico confeitaria inclusivo especialização técnico chocolateria especialização técnico massa laminar especialização técnico gelateria especialização técnico sobremesa empratado sugestão verticalização curso graduação curso alto tecnologia bacharelar licenciaturar curso alto tecnologia alimento curso alto tecnologia gastronomia bacharelar engenharia alimento auxiliar confeitaria
CNCT_114,CNCT,Técnico em Panificação,técnico panificação técnico panificação habilitar planejar desenvolver elaboração artesanal industrializar pão massa salgar similar utilizar equipamento utensílio tecnologia aplicar processo conforme bom prática manipulação alimento elaborar padronizar ficha técnico controle operacional diferentes tipo operação promover inovação desenvolvimento novo produto processo utilizar bom prática manipulação alimento rotulagem identificação embalagem adequado efetuar controle qualidade estoque custo consumo utilizar técnica mercadológico produto insur panificação planejar executar aquisição manutenção preventivo equipamento atuação técnico panificação fundamental conhecimento saber relacionar tecnologia processamento conservação produção panificação implementação análises laboratorial sensorial gestão sistema controle garantia qualidade segurança alimento visão global processo produção manual automatizar responsabilidade técnico norma técnico gestão sustentável proatividade liderança capacidade trabalho equipe inovação tecnológico local ambiente trabalho padaria confeitaria restaurante afim bufês catering meio hospitalidade cruzeiro marítimo instituição ensino ear pesquisa consultoria técnico autônomo empreendimento próprio sugestão qualificação profissional certificação intermediário curso técnico considerar ocupação prever cbo auxiliar panificação padeiro salgadeiro pizzaiolo sugestão formação continuar curso especialização técnico póstécnico especialização técnico fabricação pão especial especialização técnico método fermentação especialização técnico massa laminar especialização técnico panificação internacional especialização técnico panificação inclusivo sugestão verticalização curso graduação curso alto tecnologia bacharelar licenciaturar curso alto tecnologia alimento curso alto tecnologia gastronomia bacharelar engenharia alimento padeiro auxiliar padeiro
CNCT_115,CNCT,Técnico em Viticultura e Enologia,técnico viticultura enologia técnico viticultura enologia habilitar desenvolver controlar processo cultivo uva selecionar variedade uva elaboração vinho derivado supervisionar processo elaboração vinho derivado realizar ensaio físico análises química sensorial microbiológico controlar corrigir desvio processo manual automatizar utilizar bom prática fabricação rotulagem identificação embalagem adequado promover inovação tecnológico desenvolvimento novo produto promover tratamento destino adequado resíduo efluente operar equipamento efetuar controle qualidade utilizar técnica mercadológico produto insumo planejar executar processo trabalho comércio venda vinho controlar estoque custo realizar aquisição manutenção equipamento prestar assistência técnico aplicação produto serviço atuação técnico viticultura enologia fundamental conhecimento saber relacionar sistema produção uva vinho derivado uva conhecimento saber relacionar gestão resíduo indústria enológico conhecimento saber relacionar gestão indústria enológico empreendedorismo inovação conhecimento saber relacionar norma técnico qualidade indústria enológico produto conhecimento saber relacionar execução análises qualidade uva vinho conhecimento saber relacionar solução problema criatividade trabalho equipe local ambiente trabalho indústria vinho derivar uva empresa setor vitivinícola laboratório controle qualidade produto vitivinícola instituição ensino ear pesquisa consultoria autônomo empreendimento próprio sugestão qualificação profissional certificação intermediário curso técnico considerar ocupação prever cbo sommelier produtor vinho derivar uva sugestão formação continuar curso especialização técnico póstécnico especialização técnico avaliação sensorial vinho especialização técnico análises laboratorial enologia especialização técnico enogastronomia especialização técnico sommelier sugestão verticalização curso graduação curso alto tecnologia bacharelar licenciaturar curso alto tecnologia viticultura enologia curso alto tecnologia alimento curso alto tecnologia agroindústria curso alto tecnologia produção cachaça bacharelar engenharia alimento bacharelar ciência tecnologia alimento enólogo técnico enologia
CNCT_116,CNCT,Técnico em Multimídia,técnico multimídia técnico multimídia habilitar desenvolver comunicação visual meio eletrônico interface interativo publicação digital animação jogo eletrônico web site web digital conteúdo audiovisual organizar preparar arquivo digital aplicação web multimídio animação game aplicar técnica tratamento imagem estático movimento compor estrutura navegação mídia digital executar atualização página web portal atuação técnico multimídia fundamental conhecimento interdisciplinar relacionar processo criação envolver pesquisa idealização planejamento execução técnico fruição recepção estético competência comunicativo empreendedoro voltado proposição projeto coletivo gestão solução problema resiliência outro competência socioemocional local ambiente trabalho produtora multimídia empresa provedoro conteúdo Internet departamento comunicação marketing empresa portal web site editora jornal livro revista onliner empresa comunicação propaganda produtora estúdio animação empresa pósprodução audiovisual produtora estúdio cinema sugestão qualificação profissional certificação intermediário curso técnico considerar ocupação prever cbo editor projeto visual gráfico assistente estúdio modelador animador sugestão formação continuar curso especialização técnico póstécnico sugestão verticalização curso graduação curso alto tecnologia bacharelar licenciaturar curso alto tecnologia produção multimídio bacharelar comunicação bacharelar sistema mídia digital programador Multimídia programador aplicativo educacional entretenimento programador Internet programador sistema informação programador cdrom
CNCT_117,CNCT,Técnico em Processos Fotográficos,técnico processo fotográfico técnico processo fotográfico habilitar planejar analisar processo fotográfico criar imagem partir recurso tecnológico conceitual linguagem visual elaborar executar montagem estúdio fotográfico fazer preparação manuseio equipamento essencial produção fotográfico planejar executar correção fazer pósprodução digital imagem fotográfico digitalizar fotograma analógico atuação técnico processo fotográfico fundamental conhecimento interdisciplinar relacionar processo criação envolver pesquisa idealização planejamento execução técnico fruição recepção estético competência comunicativo empreendedoro voltado proposição projeto coletivo gestão solução problema resiliência outro competência socioemocional local ambiente trabalho estúdio laboratório fotográfico agência publicidade agência comunicação notícia produtor editora jornal instituição educacional governamental atuação profissional autônomo diverso vertente fotografia comercial projeto autoral artístico sugestão qualificação profissional certificação intermediário curso técnico considerar ocupação prever cbo fotógrafo fotógrafo estúdio fotógrafo social fotojornalista fotógrafo arquitetura natureza paisagem fotógrafo moda publicidade fotógrafo retratista sugestão formação continuar curso especialização técnico póstécnico sugestão verticalização curso graduação curso alto tecnologia bacharelar licenciaturar curso alto tecnologia fotografia bacharelar fotografia bacharelar comunicação social bacharelar design comunicação visual bacharelar arte visual bacharelar cinema audiovisual ocupação ainda classificar
CNCT_118,CNCT,Técnico em Produção de Áudio e Vídeo,técnico produção áudio vídeo técnico produção áudio vídeo habilitar captar imagem som realizar ambientação operação equipamento intermédio recurso linguagem investigar utilização tecnologia tratamento acústico imagem luminosidader animação preparar material audiovisual elaborar ficha técnico mapa programação distribuição veiculação produto serviço comunicação atuação técnico produção áudio vídeo fundamental conhecimento interdisciplinar relacionar processo criação envolver pesquisa idealização planejamento execução técnico fruição recepção estético competência comunicacional empreendedoro voltadas proposição projeto coletivo gestão solução problema resiliência outro competência socioemocional local ambiente trabalho emissora televisão rádio educativo comunitário comercial estúdio produtor vídeo agência publicidade produtora conteúdo rádio podcastr sugestão qualificação profissional certificação intermediário curso técnico considerar ocupação prever cbo operador áudio editor vídeo operador câmera assistente estúdio assistente produção iluminador cenógrafo assistente roteiro sugestão formação continuar curso especialização técnico póstécnico sugestão verticalização curso graduação curso alto tecnologia bacharelar licenciaturar curso alto tecnologia produção audiovisual bacharelar cinema audiovisual bacharelar comunicação social publicidade propaganda operador câmera televisão técnico operação equipamento produção televisão produtor vídeo supervisor técnico operacional sistema televisão produtor vídeo maquinista cinema vídeo editor vídeo finalizador vídeo vigilante editor texto imagem operador áudio continuidade rádio operador gravação rádio técnico operação equipamento produção televisão produtor vídeo técnico gravação áudio técnico instalação equipamento áudio projetista sistema áudio operador projetor cinematográfico
CNCT_119,CNCT,Técnico em Publicidade,técnico publicidade técnico publicidade habilitar criar elaborar planejar projeto comunicação diversos mídia objetivo tornar público ideia ideal produto serviço eou marca conceber marca produto serviço foco necessidade pessoa sociedade mercado realizar pesquisa prospecção imagem mídiar comportamento linguagem coletar dado impacto campanha publicitário atuação técnico publicidade fundamental conhecimento interdisciplinar relacionar processo criação envolver pesquisa idealização planejamento execução técnico fruição recepção estético competência comunicativo empreendedoro voltado proposição projeto coletivo gestão solução problema resiliência outro competência socioemocional local ambiente trabalho agência publicidade propagando marketing empresa setor gráfico rádio televisão web produtora áudio vídeo editora veículo comunicação departamento comunicação marketing inovação sugestão qualificação profissional certificação intermediário curso técnico considerar ocupação prever cbo assistente produção cultural editor projeto visual gráfico operador editoração eletrônico assistente atendimento planejamento publicitário assistente criação publicitário assistente produção publicitário assistente mídia assistente comunicação digital copywriter assistente Seo sugestão formação continuar curso especialização técnico póstécnico sugestão verticalização curso graduação curso alto tecnologia bacharelar licenciaturar curso alto tecnologia comunicação institucional curso alto tecnologia design gráfico curso alto tecnologia produção audiovisual curso alto tecnologia produção multimídio curso alto tecnologia produção publicitário curso alto tecnologia arte visual bacharelar publicidade propagandar ocupação ainda classificar
CNCT_120,CNCT,Técnico em Rádio e Televisão,técnico rádio televisão técnico rádio televisão habilitar executar produção veiculação programa radiofônico televisivo realizar seleção musical montagem filme videotape trilha vinheta jingles spots roteiro locução aplicação efeito especial operar equipamento analógico digital estúdio gravação atuação técnico rádio televisão fundamental conhecimento interdisciplinar relacionar processo criação envolver pesquisa idealização planejamento execução técnico fruição recepção estético competência comunicativo empreendedoro voltado proposição projeto coletivo gestão solução problema resiliência outro competência socioemocional local ambiente trabalho empresa radiodifusão produtora estúdio áudio vídeo emissora produtor rádio televisão educativo comunitário comercial agência notícia provedor Internet agência conteúdo influenciadore digital sugestão qualificação profissional certificação intermediário curso técnico considerar ocupação prever cbo locutor locutor noticiarista apresentador programa televisão operador mídia audiovisual analista musical sonoplasto sugestão formação continuar curso especialização técnico póstécnico especialização técnico digital especialização técnico rádio digital sugestão verticalização curso graduação curso alto tecnologia bacharelar licenciaturar curso alto tecnologia produção audiovisual bacharelar comunicação social técnico operação equipamento transmissãorecepção televisão operador central rádio operador controle mestre rádio técnico sonorização operador microfone boom man técnico operação equipamento produção televisão produtor vídeo técnico operação equipamento exibição televisão supervisor técnico operacional sistema televisão produtor vídeo operador áudio continuidade rádio operador externo rádio operador gravação rádio operador transmissor rádio técnico gravação áudio técnico instalação equipamento áudio técnico masterização áudio projetista som técnico mixagem áudio projetista sistema áudio microfonista disc Jockey
CNCT_121,CNCT,Técnico em Cenografia,técnico cenografia técnico cenografia habilitar criar desenvolver projeto ambiente cenográfico mediante especificação desenho técnico croquis planta maquete selecionar material equipamento acordo especificação técnico projeto cenográfico executar produção supervisionar construção cenário atuação técnico cenografia fundamental conhecimento interdisciplinar relacionar processo criação envolver pesquisa idealização planejamento execução técnico fruição recepção estético competência comunicativo empreendedoro voltado proposição projeto coletivo gestão solução problema resiliência outro competência socioemocional local ambiente trabalho companhia grupo teatro produtora audiovisual cinema produtora espetáculo musical produtora evento espaço cultural feira exposição artístico oficina curso seminário palestra sugestão qualificação profissional certificação intermediário curso técnico considerar ocupação prever cbo contrarregra iluminador cênico auxiliar cenotecnia sugestão formação continuar curso especialização técnico póstécnico especialização técnico arte dramático sugestão verticalização curso graduação curso alto tecnologia bacharelar licenciaturar curso alto tecnologia produção cênico bacharelar arte cênico bacharelar arte visual bacharelar arquitetura urbanismo licenciatura arte visual licenciatura teatro técnico cenografia cenotécnico cinema vídeo televisão teatro espetáculo maquinista cinema vídeo maquinista teatro espetáculo
CNCT_122,CNCT,Técnico em Design de Calçados,técnico design calçado técnico design calçado habilitar realizar pesquisa tendência moda comportamento mercado propor material componente coordenar projeto inovação estético funcional tecnológico executar peçaspiloto processo fabricação atuação técnico design calçado fundamental conhecimento interdisciplinar relacionar processo criação envolver pesquisa idealização planejamento execução técnico fruição recepção estético competência comunicativo empreendedoro voltado proposição projeto coletivo gestão solução problema resiliência outro competência socioemocional local ambiente trabalho ateliês escritório desenvolvimento coleção calçado website revista voltar setor indústria calçadisto sugestão qualificação profissional certificação intermediário curso técnico considerar ocupação prever cbo desenhista calçado estilista calçado ilustrador calçado modelista cabedal calçado sugestão formação continuar curso especialização técnico póstécnico sugestão verticalização curso graduação curso alto tecnologia bacharelar licenciaturar curso alto tecnologia design moda curso alto tecnologia design produto bacharelar desenho industrial bacharelar design gráfico modelista calçado
CNCT_123,CNCT,Técnico em Design de Embalagens,técnico design embalagem técnico design embalagem habilitar criar executar produzir desenho normatizado ergonômico embalagem realizar estudo volumétrico modelo convencional eletrônico desenvolver programação visual embalagem pesquisar definir material processo supervisionar processo produção industrial gráfico atuação técnico design embalagem fundamental conhecimento interdisciplinar relacionar processo criação envolver pesquisa idealização planejamento execução técnico fruição recepção estético competência comunicativo empreendedoro voltado proposição projeto coletivo gestão solução problema resiliência outro competência socioemocional local ambiente trabalho escritório design agência publicidade propaganda indústria embalagem gráfico sugestão qualificação profissional certificação intermediário curso técnico considerar ocupação prever cbo diagramador ilustrador comunicador digital produtor gráfico sugestão formação continuar curso especialização técnico póstécnico especialização técnico material especialização técnico ponto venda merchandising sugestão verticalização curso graduação curso alto tecnologia bacharelar licenciaturar curso alto tecnologia design produto curso alto tecnologia design gráfico bacharelar desenho industrial bacharelar design gráfico desenhista técnico embalagem maquete leiaute desenhista embalagem desenhista leiaute desenhista maquetista
CNCT_124,CNCT,Técnico em Design de Interiores,técnico design interior técnico design interior habilitar criar desenvolver viabilizar execução projeto interior residencial comercial vitrine exposição orientar desenvolver projeto base ergonomia desenho universal conforto saúde bemestar desenvolver esboço perspectiva desenho técnico planejar organizar espaço base estudo ergonômico estético funcional identificar elemento básico concepção projetual espaço interno habitar representar elemento projeto espaço tridimensional aplicar método representação gráfico prestar assistência técnico estudo desenvolvimento projeto pesquisa tecnológico voltar atividade área orientar coordenar execução serviço manutenção equipamento instalação ambiente mobiliário fixo reformar ambiente alteração estrutural atuação técnico design interior fundamental conhecimento interdisciplinar relacionar processo criação envolver pesquisa idealização planejamento execução técnico fruição recepção estético competência comunicativo empreendedoro voltado proposição projeto coletivo gestão solução problema resiliência outro competência socioemocional local ambiente trabalho escritório design empresa escritório projeto interior loja móvel decoração shoppings outro estabelecimento comercial construtora imobiliário escritório arquitetura prestador serviço projeto exposição cenográfico profissional autônomo sugestão qualificação profissional certificação intermediário curso técnico considerar ocupação prever cbo editor maquete eletrônica cadista construção civil sugestão formação continuar curso especialização técnico póstécnico especialização técnico ergonomia ambiente especialização técnico execução obra interior sugestão verticalização curso graduação curso alto tecnologia bacharelar licenciaturar curso alto tecnologia design interior curso alto tecnologia design produto bacharelar design interior bacharelar design bacharelar arquitetura urbanismo bacharelar design gráfico bacharelar história arte designer interior desenhista copistar copista croqui designer vitrine visual merchandiser decorador evento desenhista técnico desenhista detalhistar desenhista copista cad operador cad copista
CNCT_125,CNCT,Técnico em Design de Joias,técnico design joia técnico design joia habilitar desenvolver esboço desenho joia utilizar tendência mercado joalheiro realizar estudo volumétrico executar modelo tridimensional aplicar aspecto ergonômico projeto utilizar técnica ourivesaria lapidação gema elaborar documentação técnico normatizar supervisionar processo produção joia aplicar conceito sustentabilidade desenvolvimento joia atuação técnico design joia fundamental conhecimento interdisciplinar relacionar processo criação envolver pesquisa idealização planejamento execução técnico fruição recepção estético competência comunicativo empreendedoro voltado proposição projeto coletivo gestão solução problema resiliência outro competência socioemocional local ambiente trabalho escritório design indústria joalheira joalheria profissional autônomo sugestão qualificação profissional certificação intermediário curso técnico considerar ocupação prever cbo artesão biojoia cravejador joia desenhista joia bijuteria fundidor joia gravador joia operador processo estamparia joia sugestão formação continuar curso especialização técnico póstécnico especialização técnico gemologia sugestão verticalização curso graduação curso alto tecnologia bacharelar licenciaturar curso alto tecnologia design produto bacharelar design industrial bacharelar design gráfico artesãor confeccionador biojóia ecojóia avaliador joia cravador joia cravejador joia engastador joio gravador joia joalheiro confecção bijuteria joia fantasia trabalhador confecção bijuteria joia fantasia
CNCT_126,CNCT,Técnico em Design de Moda,técnico design moda técnico design moda habilitar desenhar coleção diversos elo cadeia produtivo moda alinhar ecossistema cultural sociológico econômico modo captar tendência estilo comportamento realizar pesquisa tendência demonstrar visão capaz fazer conexão área correlato comunicação modo produção modo fotografia organizar produzir desfile prestar consultorio moda atuação técnico design moda fundamental conhecimento interdisciplinar relacionar processo criação envolver pesquisa idealização planejamento execução técnico fruição recepção estético competência comunicacional empreendedoro voltadas proposição projeto coletivo gestão solução problema resiliência outro competência socioemocional local ambiente trabalho ateliês costura Figurino escritório criação centro desenvolvimento pesquisa sobre tendência consultor empresa particular empresa desenvolvimento produto projeto modo sugestão qualificação profissional certificação intermediário curso técnico considerar ocupação prever cbo desenhista produto moda sugestão formação continuar curso especialização técnico póstécnico especialização técnico desenho técnico moda especialização técnico planejamento coleção sugestão verticalização curso graduação curso alto tecnologia bacharelar licenciaturar curso alto tecnologia design moda bacharealdo negócio modo ocupação ainda classificar
CNCT_127,CNCT,Técnico em Design de Móveis,técnico design móvel técnico design móvel habilitar desenvolver esboço perspectiva desenho normatizar móvel realizar estudo volumétrico maquete convencional eletrônica aplicar aspecto ergonômico projeto pesquisar definir material ferragem acessório elaborar documentação técnico normatizar acompanhar execução protótipo peçaspiloto aplicar conceito sustentabilidade desenvolvimento móvel atuação técnico design móvel fundamental conhecimento interdisciplinar relacionar processo criação envolver pesquisa idealização planejamento execução técnico fruição recepção estético competência comunicativo empreendedoro voltado proposição projeto coletivo gestão solução problema resiliência outro competência socioemocional local ambiente trabalho escritório design indústria moveleira loja móvel decoração representação comercial profissional autônomo sugestão qualificação profissional certificação intermediário curso técnico considerar ocupação prever cbo desenhista móvel montador móvei projetista móvei reformador móvei sugestão formação continuar curso especialização técnico póstécnico especialização técnico madeira mobiliário especialização técnico desenho software renderização sugestão verticalização curso graduação curso alto tecnologia bacharelar licenciaturar curso alto tecnologia design produto curso alto tecnologia design interior bacharelar design bacharelar desenho industrial bacharelar design gráfico desenhista técnico mobiliário desenhista móvel projetista móvel maquetista marcenaria marceneiro modelador Madeira tanoeiro
CNCT_128,CNCT,Técnico em Design Gráfico,técnico design gráfico técnico design gráfico habilitar coordenar executar projeto comunicação visual mídia impresso digital seguir padrão norma técnico referente propriedade intelectual acessibilidade usabilidade sustentabilidade aplicar implementar sinalização ilustração tipografio animação usabilidade projeto design gráfico analisar interpretar propor produção identidade visual peça gráfico criar controlar organizar armazenar arquivo material produção gráfico digital atuação técnico design gráfico fundamental conhecimento interdisciplinar relacionar processo criação envolver pesquisa idealização planejamento execução técnico fruição recepção estético competência comunicativo empreendedoro voltado proposição projeto coletivo gestão solução problema resiliência outro competência socioemocional local ambiente trabalho estúdio fotográfico agência design digital marketing publicidade empresa jogo sugestão qualificação profissional certificação intermediário curso técnico considerar ocupação prever cbo diagramador ilustrador comunicador digital sugestão formação continuar curso especialização técnico póstécnico sugestão verticalização curso graduação curso alto tecnologia bacharelar licenciaturar curso alto tecnologia comunicação institucional curso alto tecnologia design gráfico curso alto tecnologia produção audiovisual curso alto tecnologia produção multimídio curso alto tecnologia produção publicitário bacharelar comunicação social publicidade propaganda bacharelar comunicação social comunicação visual bacharelar design gráfico comunicação visual técnico programação visual desenhista técnico arte gráfico artefinalista desenhista técnico arte gráfico desenhista técnico artefinal técnico gráfico desenhista técnico ilustração artístico desenhista técnico ilustração técnico desenhista técnico indústria têxtil desenhista técnico mobiliário desenhista técnico embalagem maquete leiaute
CNCT_129,CNCT,Técnico em Estilismo e Coordenação de Moda,técnico estilismo coordenação moda técnico estilismo coordenação moda habilitar desenvolver projeto criação coleção trabalhar organização produção comercial produto moda criar desenhar acompanhar execução peçaspiloto coordenar desenvolvimento coleção produto além comercialização compor equipe gerência produto planejamento além negociar fornecedor prestar serviço autônomo negócio próprio contratar confecção grande loja atuação técnico estilismo coordenação moda fundamental conhecimento interdisciplinar relacionar processo criação envolver pesquisa idealização planejamento execução técnico fruição recepção estético competência comunicacional empreendedoro voltadas proposição projeto coletivo gestão solução problema resiliência outro competência socioemocional local ambiente trabalho prestar serviço autônomo ateliê próprio confecção grande loja sugestão qualificação profissional certificação intermediário curso técnico considerar ocupação prever cbo assistente criação moda assistente desenvolvimento criação moda assistente gestão produto moda sugestão formação continuar curso especialização técnico póstécnico especialização técnico modelagem especialização técnico desenho moda sugestão verticalização curso graduação curso alto tecnologia bacharelar licenciaturar curso alto tecnologia design moda bacharelar modo ocupação ainda classificar
CNCT_130,CNCT,Técnico em Fabricação de Instrumentos Musicais,técnico fabricação instrumento musical técnico fabricação instrumento musical habilitar projetar instrumento musical distinguir acústica material fabricação instrumento musical preparar matériasprima confecção instrumento confeccionar componente instrumento realizar acabamento montar afinar consertar vender instrumento musical atuação técnico fabricação instrumento musical fundamental conhecimento interdisciplinar relacionar processo criação envolver pesquisa idealização planejamento execução técnico fruição recepção estético competência comunicativo empreendedoro voltado proposição projeto coletivo gestão solução problema resiliência outro competência socioemocional local ambiente trabalho ateliê construção restauro instrumento loja instrumento musical museu escola música orquestra banda sugestão qualificação profissional certificação intermediário curso técnico considerar ocupação prever cbo identificar sugestão formação continuar curso especialização técnico póstécnico identificar sugestão verticalização curso graduação curso alto tecnologia bacharelar licenciaturar curso alto tecnologia conservação restauro bacharelar conservação restauro bem cultural móvel confeccionador instrumento percussão pele couro plástico confeccionador tambor música afinador instrumento musical confeccionador Acordeão confeccionador instrumento corda confeccionador instrumento sopro madeira confeccionador instrumento sopro metal confeccionador órgão confeccionador piano
CNCT_131,CNCT,Técnico em Figurino Cênico,técnico figurino cênico técnico figurino cênico habilitar aplicar técnica pesquisa concepção desenho execução figurino aplicar técnica costura modelagem roupa produzir figurino traje acessório acordo época tema representar criar figurino personagem arte cênico audiovisual dançar festa popular acompanhar tendência contemporâneo ligar criação figurino inovação tecnológico atuação técnico figurino cênico fundamental conhecimento interdisciplinar relacionar processo criação envolver pesquisa idealização planejamento execução técnico fruição recepção estético competência comunicativo empreendedoro voltado proposição projeto coletivo gestão solução problema resiliência outro competência socioemocional local ambiente trabalho companhia espetáculo emissora televisão indústria audiovisual cinematográfico produtora escola samba outro entidade produção cultura local sugestão qualificação profissional certificação intermediário curso técnico considerar ocupação prever cbo identificar sugestão formação continuar curso especialização técnico póstécnico especialização técnico figurino Carnaval especialização técnico moda mídia inovação sugestão verticalização curso graduação curso alto tecnologia bacharelar licenciaturar curso alto tecnologia design moda curso alto tecnologia produção cênico curso alto tecnologia produção vestuário bacharelar design moda modelista roupa moldador roupa
CNCT_132,CNCT,Técnico em Modelagem do Vestuário,técnico modelagem vestuário técnico modelagem vestuário habilitar criar desenvolver projeto moda utilizar técnica modelagem tridimensional elaborar desenho ficha técnico representar graficamente peça vestuário planificar utilizar ferramenta computação gráfico moda supervisionar produção peçapiloto produção série avaliar vestibilidade viabilidade técnico produto atuação técnico modelagem vestuário fundamental conhecimento interdisciplinar relacionar processo criação envolver pesquisa idealização planejamento execução técnico fruição recepção estético competência comunicacional empreendedoro voltadas proposição projeto coletivo gestão solução problema resiliência outro competência socioemocional local ambiente trabalho indústria confecção vestuário assessorio modelagem empresa desenvolvimento produto projeto loja estúdio ateliês costura Figurino consultor produção teatro cinema desfile profissional autônomo sugestão qualificação profissional certificação intermediário curso técnico considerar ocupação prever cbo desenhista moda alfaiater modelista modelista roupa sugestão formação continuar especialização técnico especialização técnico alfaiataria especialização técnico modista especialização técnico costureiro roupa couro pele sugestão verticalização curso graduação curso alto tecnologia design moda curso alto tecnologia design produto bacharelar design moda modelista roupa
CNCT_133,CNCT,Técnico em Produção de Moda,técnico produção moda técnico produção moda habilitar coordenar montagem ambiente divulgação moda estabelecer relação direto produto consumidor intermédio catálogo desfile vídeo fotografia meio comunicação geral pesquisar tendência moda mercado lançamento construção estilo composição visual elaborar composição looks apresentação público estilo produção publicitário vitrine exposição desfile atuação técnico produção moda fundamental conhecimento interdisciplinar relacionar processo criação envolver pesquisa idealização planejamento execução técnico fruição recepção estético competência comunicacional empreendedoro voltadas proposição projeto coletivo gestão solução problema resiliência outro competência socioemocional local ambiente trabalho empresa confecção varejo moda agência publicidade jornal revisto Internet produtora evento escritório criação profissional autônomo empresa atacar modo sugestão qualificação profissional certificação intermediário curso técnico considerar ocupação prever cbo assistente produção cultural comprador moda desenhista moda produtor evento moda produtor editorial publicidade moda produtor merchandising moda vitrinista sugestão formação continuar especialização técnico sugestão verticalização curso graduação curso alto tecnologia bacharelar licenciaturar curso alto tecnologia design moda curso alto tecnologia design produto bacharelar design moda designer vitrine vitrinista
CNCT_134,CNCT,Técnico em Artesanato,técnico artesanato técnico artesanato habilitar criar produzir trabalho artesanal peça decorativo utilitária material diverso recurso natural explorar riqueza repertório cultural existente comercializar produto artesanal varejo atacado gerenciar negócio perspectiva associativismo cooperativismo selecionar técnica tratamento preparação transformação matéria prima respeitar valorizar traço diversidade cultural região atuação técnico artesanato fundamental conhecimento interdisciplinar relacionar processo criação envolver pesquisa idealização planejamento execução técnico fruição recepção estético competência comunicativo empreendedoro voltado proposição projeto coletivo gestão solução problema resiliência outro competência socioemocional local ambiente trabalho profissional autônomo cooperativa artesanato exposição feira cultura loja produtor artesanato instituição cultural museu galeria centro cultural sugestão qualificação profissional certificação intermediário curso técnico considerar ocupação prever cbo identificar sugestão formação continuar curso especialização técnico póstécnico especialização técnico empreendedorismo social sugestão verticalização curso graduação curso alto tecnologia bacharelar licenciaturar curso alto tecnologia produção vestuário curso alto tecnologia produção gráfico curso alto tecnologia design moda curso alto tecnologia design produto curso alto tecnologia produção cultural curso alto tecnologia design gráfico artesão modelador vidro gambistar artesão vidro mestre vidreiro miniaturista artesão vidro artesão bordador artesão ceramisto artesão material reciclável artesãor confeccionador biojóia ecojóia artesão couro artesão escultor artesão moveleiro exceto reciclar artesão tecelão artesão trançador artesão crocheteiro artesão tricoteiro artesão rendeiro
CNCT_135,CNCT,Técnico em Artes Circenses,técnico arte circenses técnico arte circenses habilitar criar desenvolver executar apresentação circens espaço circo teatro estúdio televisão público cultural utilizar técnica artístico corporal acrobacia aéreo solo equilibrismo malabarismo antipodismo ilusionismo comicidade canto dançar pantomima organizar supervisionar estrutura montagem funcionamento circo equipamento administrar produzir divulgar espetáculo atuação técnico arte circenses fundamental conhecimento interdisciplinar relacionar processo criação envolver pesquisa idealização planejamento execução técnico fruição recepção estético competência comunicativo empreendedoro voltado proposição projeto coletivo gestão solução problema resiliência outro competência socioemocional local ambiente trabalho circo picadeiro espaço interação social lazer cultura casa espetáculo festival mostra evento natureza diverso escola hospital centro espaço cultural produtora cultural empresa evento recreação sugestão qualificação profissional certificação intermediário curso técnico considerar ocupação prever cbo acrobato artista aéreo circense equilibrista circo malabarista sugestão formação continuar curso especialização técnico póstécnico especialização técnico arte sugestão verticalização curso graduação curso alto tecnologia bacharelar licenciaturar curso alto tecnologia produção cultural curso alto tecnologia produção cênico bacharelar educação físico licenciatura educação físico bacharelar arte licenciatura arte artista circo outro atirador faca comedor espar comedor fogo pirofagista faquir globista homembalar partner circo pirofagista Saltimbanco acrobato artista aéreo contorcionisto domador animal circense equilibristo mágico malabarista palhaço titeriteiro trapezista ventríloquor clown cômico circo excêntrico tony soirée apresentador circo animador circo apresentador animador circo apresentador evento apresentador festa popular apresentador programa rádio apresentador programa televisão
CNCT_136,CNCT,Técnico em Artes Visuais,técnico arte visual técnico arte visual habilitar criar desenvolver obra visual investigar processo produção artístico pesquisar contexto estético cultural envolver produção artístico espectro história arte realizar atividade ligar criação produção fomento pesquisa memória campo arte visual pesquisar produção artístico contemporâneo âmbito ético sustentável investigar meio digital produção visual bem técnica suporte variar atuação técnico arte visual fundamental conhecimento interdisciplinar relacionar processo criação envolver pesquisa idealização planejamento execução técnico fruição recepção estético competência comunicativo empreendedoro voltado proposição projeto coletivo gestão solução problema resiliência outro competência socioemocional local ambiente trabalho galeria arte museu centro espaço cultural ateliês oficina arte agência publicidade Propaganda editora espaço alternativo interação social lazer cultura sugestão qualificação profissional certificação intermediário curso técnico considerar ocupação prever cbo cartonageiro mão editor projeto visual gráfico execução peça gráfico serígrafo gravurista ilustrador assistente ateliê oficineiro curso livre instituição cultural formal ensino montagem exposição espaço cenográfico sugestão formação continuar curso especialização técnico póstécnico especialização técnico comunicação visual sugestão verticalização curso graduação curso alto tecnologia bacharelar licenciaturar curso alto tecnologia design gráfico curso alto tecnologia produção cultural bacharelar arte visual licenciatura arte visual licenciatura arte bacharelar história arte ocupação ainda classificar
CNCT_137,CNCT,Técnico em Canto,técnico canto técnico canto habilitar interpretar texto musical canção individualmente grupo diferentes gênero musical estética artístico aplicar técnica prática vocal respiração impostação dicção articulandoa técnica expressivo palco estúdio aprimorar percepção música leitura escrita musical atuar maneira empreendedor gestão carreira projeto artístico atuação técnico canto fundamental conhecimento interdisciplinar relacionar processo criação envolver pesquisa idealização planejamento execução técnico fruição recepção estético competência comunicativo empreendedoro voltado proposição projeto coletivo gestão solução problema resiliência outro competência socioemocional local ambiente trabalho teatro musical ópera conjunto música popular grupo câmara estúdio gravação rádio televisão novo mídia espaço cultural lazer coral empresa igrejo comunidade escola sugestão qualificação profissional certificação intermediário curso técnico considerar ocupação prever cbo músico intérprete cantor popular sugestão formação continuar curso especialização técnico póstécnico especialização técnico percepção musical sugestão verticalização curso graduação curso alto tecnologia bacharelar licenciaturar curso alto tecnologia produção fonográfico bacharelar canto bacharelar canto popular bacharelar canto erudito bacharelar música bacharelar composição regência licenciatura música ocupação ainda classificar
CNCT_138,CNCT,Técnico em Composição e Arranjo,técnico composição arranjo técnico composição arranjo habilitar compor elaborar arranjo obra musical diversos formação execução musical acordo diversidade estético desenvolver processo improvisação estruturação criação considerar elemento formal estético música desenvolver habilidade atitude prática coletivo música criar editar músico trilha sonoro jingles todo mídia geral game teatro dançar evento musical social editorar partituro elaborar texto prestar consultorio área musical atuação técnico composição arranjo fundamental conhecimento interdisciplinar relacionar processo criação envolver pesquisa idealização planejamento execução técnico fruição recepção estético competência comunicativo empreendedoro voltado proposição projeto coletivo gestão solução problema resiliência outro competência socioemocional local ambiente trabalho estúdio gravação rádio televisão cinema produtora comercial agência propaganda grupo teatro dançar coral orquestra banda conjunto música popular grupo câmara sugestão qualificação profissional certificação intermediário curso técnico considerar ocupação prever cbo identificar sugestão formação continuar curso especialização técnico póstécnico sugestão verticalização curso graduação curso alto tecnologia bacharelar licenciaturar bacharelar composição regência bacharelar música licenciatura música ocupação ainda classificar
CNCT_139,CNCT,Técnico em Conservação e Restauro,técnico conservação restauro técnico conservação restauro habilitar realizar ação conservação preventivo acervo bem cultural acordo especificidade técnico documento bem cultural obra arte auxiliar realizar processo conservação restauro peça patrimônio histórico cultural acordo cada especificidade base diretriz orientar teoria restauro vigente auxiliar análise diagnóstico espaço expositivo acervo reserva técnico quanto incidência praga fungo outro fator risco bem orientar adequado iluminação temperaturo umidade acervo espaço expositivo reserva técnico auxiliar realizar processo conservação restauro aplicar técnica material intervir acordo necessidade bem cultural obra arte acervo documento acordo especificidade documento obra papel mobiliário arte decorativo Escultura pinturo gravuro têxtel atuação técnico conservação restauro fundamental conhecimento interdisciplinar relacionar processo criação envolver pesquisa idealização planejamento execução técnico fruição recepção estético competência comunicativo empreendedoro voltado proposição projeto coletivo gestão solução problema resiliência outro competência socioemocional local ambiente trabalho ateliês arte restauração galeria arte museu instituição cultural acervo público privado biblioteca arquivo instituição preservação conservação patrimônio histórico artístico atuação profissional autônomo sugestão qualificação profissional certificação intermediário curso técnico considerar ocupação prever cbo pintor restaurador auxiliar conservação acervo sugestão formação continuar curso especialização técnico póstécnico sugestão verticalização curso graduação curso alto tecnologia bacharelar licenciaturar bacharelar arte crítico curadoria bacharelar arte visual bacharelar arqueologia licenciatura arte visual restaurador livro documento
CNCT_140,CNCT,Técnico em Dança,técnico dança técnico dança habilitar criar interpretar coreografia performance diversos desenvolver prática corporal técnica criação formação dança partir matriz plural conhecimento dança corpo cultura realizar investigação dança interface outro linguagem artístico conexão saber tradicional popular urbano digital elaborar executar ação relacionar arte dançar projeto sociocultural atuação técnico dança fundamental conhecimento interdisciplinar relacionar processo criação envolver pesquisa idealização planejamento execução técnico fruição recepção estético competência comunicativo empreendedoro voltado proposição projeto coletivo gestão solução problema resiliência outro competência socioemocional local ambiente trabalho escola academio centro formação companhia grupo coletivo artístico dança teatro casa espetáculo musical ópera programa festival mostra dança evento natureza diversos evento social corporativo instituição público privar espaço interação social lazer cultura projeto sociocultural sugestão qualificação profissional certificação intermediário curso técnico considerar ocupação prever cbo assistente produção cultural auxiliar cenografia figurinistar maquiador operador luz assistente coreografia assistente coreógrafo sugestão formação continuar curso especialização técnico póstécnico sugestão verticalização curso graduação curso alto tecnologia bacharelar licenciaturar curso alto tecnologia produção cultural curso alto tecnologia produção cênico bacharelar dança licenciatura dança bacharelar teoria dança bacharelar direção arte bacharelar arte cênico licenciatura arte cênico dançarino tradicional bailarino dança folclórico dançarino brincante dançarino dança raiz dançarino dança folclórico dançarino dança ritual folgazão sambista dançarino popular bailarino dança parafolclórico bailarino étnico bailarino popular dançarino rua dançarino salão dançarino dança parafolclórico dançarino étnico dançarino popular
CNCT_141,CNCT,Técnico em Instrumento Musical,técnico instrumento musical técnico instrumento musical habilitar desenvolver atividade performance artísticomusical individualmente diversos formação coletivo utilizar técnica execução interpretação fundamentar elemento rítmico melódico harmônico estrutural estético música partir instrumento específico realizar estudo improvisação musical prática investigação além técnica execução interpretação acordo diversos estética artístico ler registrar produto texto linguagem musical atuação técnico instrumento musical fundamental conhecimento interdisciplinar relacionar processo criação envolver pesquisa idealização planejamento execução técnico fruição recepção estético competência comunicativo empreendedoro voltado proposição projeto coletivo gestão solução problema resiliência outro competência socioemocional local ambiente trabalho atividader autônomo formação conjunto música tradicional popular banda grupo câmara orquestra estúdio gravação rádio televisão indústria cinematográfico entretenimento oficina cultural espaço comercial lazer cultura particular público sugestão qualificação profissional certificação intermediário curso técnico considerar ocupação prever cbo monitor música sugestão formação continuar curso especialização técnico póstécnico especialização técnico percepção musical especialização técnico orquestra especialização técnico banda especialização técnico Jazzband sugestão verticalização curso graduação curso alto tecnologia bacharelar licenciaturar curso alto tecnologia produção fonográfico bacharelar instrumento musical bacharelar música licenciatura música ocupação ainda classificar
CNCT_142,CNCT,Técnico em Museologia,técnico museologia técnico museologia habilitar promover difusão bem cultural sob tutela instituição museológico cultural afim organizar exposição diferentes natureza duração auxiliar realizar planejamento gerenciamento acervo espaço expositivo organizar gerenciar base dado arquivo documento natureza histórico artístico literário científico âmbito cultura material imaterial bem auxiliar realizar pesquisa específico auxiliar realizar gerenciamento espaço expositivo bem produção montagem exposição orientar seleção bem cultural fim preservação auxiliar ação preventivo restauro auxiliar realizar planejamento gerenciamento reserva técnico desenvolver ação educativo público oferecer produto cultural atuação técnico museologia fundamental conhecimento interdisciplinar relacionar processo criação envolver pesquisa idealização planejamento execução técnico fruição recepção estético competência comunicativo empreendedoro voltado proposição projeto coletivo gestão solução problema resiliência outro competência socioemocional local ambiente trabalho museu exposição artecultura instituição cultural arquivo acervo históricosliterário centro cultural biblioteco sugestão qualificação profissional certificação intermediário curso técnico considerar ocupação prever cbo auxiliar conservação acervo mediador cultural auxiliar produção montagem exposição sugestão formação continuar curso especialização técnico póstécnico especialização técnico arquivologia sugestão verticalização curso graduação curso alto tecnologia bacharelar licenciaturar bacharelar arte crítico curadoria bacharelar história arte bacharelar arte visual licenciatura arte visual bacharelar museologia técnico museologia colecionador selo moeda técnico arquivo museologia
CNCT_143,CNCT,Técnico em Paisagismo,técnico paisagismo técnico paisagismo habilitar elaborar executar projeto paisagismo realizar diagnóstico local apresentar proposta intervenção acompanhar gerenciamento projeto organizar espaço acordo projeto respeitar meio ambiente atuar preservação conservação jardim interesse patrimonial elaborar representação gráfico tridimensional esboçar definir especificidade característica espaço objeto elemento elaborar plano trabalho garantir fidelidade execução projeto produzir planta ornamental supervisionar manutenção espaço paisagismo jardim planta ornamental gerenciar empreendimento paisagístico zelar estética produto característica plástico botânico ambiental bem zelar respeito preservação ambiental atuação técnico paisagismo fundamental conhecimento interdisciplinar relacionar processo criação envolver pesquisa idealização planejamento execução técnico fruição recepção estético competência comunicativo empreendedoro voltado proposição projeto coletivo gestão solução problema resiliência outro competência socioemocional local ambiente trabalho escritório design escritório projeto arquitetura paisagismo empresa jardinagem produção comercialização planta ornamental construtora imobiliário órgão público profissional autônomo prestador serviço elaboração execução projeto paisagismo bem realização diagnóstico gerenciamento projeto empreendimento próprio instituição cultural museológico conservação preservação projeto paisagístico natureza patrimonial sugestão qualificação profissional certificação intermediário curso técnico considerar ocupação prever cbo auxiliar geral conservação via permanente exceto trilho editor maquete eletrônica cadista construção civil assistente jardinagem sugestão formação continuar curso especialização técnico póstécnico especialização técnico medição topográfico especialização técnico projetista maquete eletrônica especialização técnico venda comercialização vegetal especialização técnico produção planta aromático medicinal sugestão verticalização curso graduação curso alto tecnologia bacharelar licenciaturar curso alto tecnologia gestão ambiental curso alto tecnologia design interior bacharelar agronomia bacharelar arquitetura urbanismo bacharelar ciência biológico bacharelar engenharia florestal ocupação ainda classificar
CNCT_144,CNCT,Técnico em Produção Cultural,técnico produção cultural técnico produção cultural habilitar elaborar cuidar gestão execução projeto cultural segmento artístico cultural planejar realizar evento captar recurso financiamento projeto evento compreender diferente modo produção artístico cultural veiculação mídia cultural negociação campo arte atuar instância política cultural gestão coletivo instituição cultural atuação técnico produção cultural fundamental conhecimento interdisciplinar relacionar processo criação envolver pesquisa idealização planejamento execução técnico fruição recepção estético competência comunicativo empreendedoro voltado proposição projeto coletivo gestão solução problema resiliência outro competência socioemocional local ambiente trabalho instituição público privar terceiro setor indústria comércio sugestão qualificação profissional certificação intermediário curso técnico considerar ocupação prever cbo identificar sugestão formação continuar curso especialização técnico póstécnico especialização técnico arte especialização técnico moda especialização técnico design sugestão verticalização curso graduação curso alto tecnologia bacharelar licenciaturar curso alto tecnologia processo gerencial curso alto tecnologia produção cultural bacharelar interdisciplnar arte bacharelar produção cultural bacharelar interdisciplinar arte bacharelar interdisciplinar cultura linguagem tecnologia aplicar bacharelar administração bacharelar publicidade marketing ocupação ainda classificar
CNCT_145,CNCT,Técnico em Regência,técnico regência técnico regência habilitar colaborar atuar direção musical grupo vocal instrumental Câmara banr orquestra conduzir ensaio realizar apresentação formação instrumental vocal diversos repertório estilo diversificados atuar diverso fase gestão grupo musical atuação técnico regência fundamental conhecimento interdisciplinar relacionar processo criação envolver pesquisa idealização planejamento execução técnico fruição recepção estético competência comunicativo empreendedoro voltado proposição projeto coletivo gestão solução problema resiliência outro competência socioemocional local ambiente trabalho grupo vocal coro grupo instrumental grupo câmara conjunto música popular banda orquestra ligar instituição particular público sugestão qualificação profissional certificação intermediário curso técnico considerar ocupação prever cbo auxiliar maestro diretor regente bateria diretor regente musical instrutor banda instrutor fanfarra maestro correpetidor maestro banda mestre banda mestre bateria regente assistente regente auxiliar regente banda regente coral regente orquestra regente interno sugestão formação continuar curso especialização técnico póstécnico especialização técnico arranjo vocal especialização técnico arranjo instrumental especialização técnico percepção musical sugestão verticalização curso graduação curso alto tecnologia bacharelar licenciaturar bacharelar composição regência bacharelar música licenciatura música ocupação ainda classificar
CNCT_146,CNCT,Técnico em Teatro,técnico teatro técnico teatro habilitar estudar investigar prática método processo criação teatral contemporaneidade perder vista perspectiva histórico social cultural arte cênico local mundial atuar profissionalmente maneira interdisciplinar campo arte palco cenografia figurino dramaturgia direção teatral iluminação sonoplastio técnica palco cenotécnico atuar abranger perspectiva desde drama humor teatro infantojuvenil adulto teatro brasileiro internacional criar cena situação personagem figura procedimento técnico estético ético envolver trabalho atuante teatro audiovisual atuar diferentes modo produção arte cênico tal teatro grupo solo performance musical reconhecer diverso campo representação artístico perfomatividade considerar prática performativo identitário diversidade cultural artístico brasileiro ameríndia africano europeia criar produzir pensamento crítico sobre relação artista público dentro esfera produção destinar espectador infantil juvenis adulto conhecer mecanismo envolver desenvolvimento artístico cultural produção arte cênico contemporaneidade atuação técnico teatro fundamental conhecimento interdisciplinar relacionar processo criação envolver pesquisa idealização planejamento execução técnico fruição recepção estético competência comunicativo empreendedoro voltado proposição projeto coletivo gestão solução problema resiliência outro competência socioemocional local ambiente trabalho teatro espaço alternativo apresentação espetáculo grupo companhia teatro coletivo pesquisa arte cênico empresa vídeo radiodifusão cinema instituição público privado difusão cultural artístico empresa evento recreação projeto sociocultural sugestão qualificação profissional certificação intermediário curso técnico considerar ocupação prever cbo ator autorroteirista dramaturgo diretor espetáculo afim cenógrafo cenotécnico camareiro maquinista sonoplasto iluminador sugestão formação continuar curso especialização técnico póstécnico especialização técnico direção especialização técnico dramaturgia especialização técnico humor especialização técnico iluminação especialização técnico sonoplastia especialização técnico técnica palco sugestão verticalização curso graduação curso alto tecnologia bacharelar licenciaturar curso alto tecnologia produção cultural curso alto tecnologia produção cênico bacharelar teatro bacharelar cinema audiovisual licenciatura teatro cenotécnico cinema vídeo televisão teatro espetáculo construtor cenário maquinista cinema vídeo maquinista teatro espetáculo
CNCT_147,CNCT,Técnico em Construção Naval,técnico construção naval técnico construção naval habilitar realizar ensaio teste montar componente fabricação manutenção naval desenvolver projeto construção naval controlar inspecionar processo construção planta naval apoiar coordenação construção embarcação estrutura hidroviário realizar manutenção operação sistema navegação selecionar material ser empregado construção naval analisar custo operacional área testar velocidade segurança barco navio montar organizar estaleiro operar sistema logística controle frete armazenamento distribuição carga emitir laudo técnico fazer vistoria companhia navegação dentro atribuição técnico atuação técnico construção naval fundamental conhecimento saber relacionar processo planejamento operação atribuição área modo assegurar saúde segurança trabalhador futuro usuário operador empresa processo transformação construção naval conhecimento saber relacionar sustentabilidade processo produtivo norma relatório técnico legislação área novo tecnologia relacionar indústria liderança equipe solução problema técnico gestão conflito local ambiente trabalho estaleiro empresa construção reparação naval empresa venda produto naval marinhar mercante marinho Brasil caldeiraria classicadora naval companhia navegação administradora hidrovio sugestão qualificação profissional certificação intermediário curso técnico considerar ocupação prever cbo acoplador carpinteiro naval curvador montador naval estrutura ajustador naval mestre construção naval sugestão formação continuar curso especialização técnico póstécnico especialização técnico instalador tubulação naval especialização técnico operador movimentação carga especialização técnico soldador eletrodo revestir naval especialização técnico soldador mag naval especialização técnico soldador tig naval especialização técnico caldeireiro naval especialização técnico eletricista naval sugestão verticalização curso graduação curso alto tecnologia bacharelar licenciaturar curso alto tecnologia construção naval curso alto tecnologia fabricação mecânico bacharelar engenharia material bacharelar engenharia produção mecânico bacharelar engenharia mecânico bacharelar engenharia naval desenhista técnico naval desenhista técnico mecânico desenhista técnico aeronáutico
CNCT_148,CNCT,Técnico em Móveis,técnico móvel técnico móvel habilitar realizar desenvolvimento fabricação manutenção móvel esquadria operar máquina equipamento selecionar material insumo acessório planejar implementar melhoria produto processo relacionar móvel executar regulagem manutenção preventivo máquina coordenar planejar supervisionar linha produção móvel controlar estoque produto acabar atuação técnico móvel fundamental conhecimento saber relacionar processo planejamento operação atribuição área modo assegurar saúde segurança trabalhador futuro usuário operador empresa processo transformação móvel conhecimento saber relacionar sustentabilidade processo produtivo norma relatório técnico legislação área novo tecnologia relacionar indústria liderança equipe solução problema técnico gestão conflito local ambiente trabalho indústria móvel esquadria geral empresa comercialização móvel acessório insumo produção marcenaria geral empresa manutenção assistência técnico móvel sugestão qualificação profissional certificação intermediário curso técnico considerar ocupação prever cbo pintor móvei preparador pintura móvel esquadria Madeira projetista móvei reformador móvel marceneiro estofador móvel montador móvel madeira mestre indústria madeira mobiliário sugestão formação continuar curso especialização técnico póstécnico especialização técnico tratamento resíduo sugestão verticalização curso graduação curso alto tecnologia bacharelar licenciaturar curso alto tecnologia gestão produção industrial curso alto tecnologia design produto curso alto tecnologia produção moveleiro bacharelar engenharia industrial madeireira desenhista técnico mobiliário desenhista móvel técnico mobiliário técnico madeira mobiliário técnico móvel esquadria técnico móvel fabricação técnico moveleiro projetista móvel
CNCT_149,CNCT,Técnico em Planejamento e Controle da Produção,técnico planejamento controle produção técnico planejamento controle produção habilitar empregar método planejamento programação controle produção industrial preservar requisito qualidade consumo acordo norma padrão especificação produto monitorar insumo suprimento necessário produção analisar estoque material dinâmica reabastecimento base just Time reconhecer plano mestre produção planejamento capacidade linha produção utilizar tecnologia administrar recurso fabri melhorar eficiência processo produtivo avaliar indicador estratégico produção quanto atendimento objetivo organizacional identificação causa falha desvio reconhecer técnica controle produção utilizar filosofia Lean Manufacturing atuação técnico planejamento controle produção fundamental conhecimento saber relacionar processo planejamento operação atribuição área modo assegurar saúde segurança trabalhador futuro usuário operador indústria serviço setor logística conhecimento saber relacionar sustentabilidade processo produtivo norma relatório técnico novo tecnologia relacionar indústria liderança equipe solução problema técnico gestão conflito local ambiente trabalho instituição público privar terceiro setor indústria comércio variado segmento realizer produção seriar sugestão qualificação profissional certificação intermediário curso técnico considerar ocupação prever cbo assistente planejamento controle produção assistente compra suprimento almoxarife assistente controle qualidade sugestão formação continuar curso especialização técnico póstécnico especialização técnico administração material especialização técnico logística industrial especialização técnico Lean manufaturing sugestão verticalização curso graduação curso alto tecnologia bacharelar licenciaturar curso alto tecnologia processo gerencial curso alto tecnologia logística curso alto tecnologia gestão qualidade bacharelar administração bacharelar engenharia produção técnico planejamento produção calculista produção planejador produção técnico programador controle produção técnico analista PCP técnico analista produção técnico analista programação técnico processo fabricação técnico produção técnico programação produção técnico programação controle produção expedição técnico análise controle produção
CNCT_150,CNCT,Técnico em Processamento da Madeira,técnico processamento madeira técnico processamento madeira habilitar realizar processo tratamento madeira analisar elaborar programa secagem preservação madeira operar máquina usinagem madeira execução projeto utilizar técnica acabamento montagem produto Madeira programar controlar produção atender norma padrão técnico qualidade saúde segurança meio ambiente elaborar documentação técnico processo atuação técnico processamento madeira fundamental conhecimento saber relacionar processo planejamento operação modo assegurar saúde segurança trabalhador futuro usuário operador empresa obtenção processamento Madeira conhecimento saber relacionar sustentabilidade processo produtivo norma relatório técnico lei novo tecnologia relacionar indústria liderança equipe solução problema técnico gestão conflito local ambiente trabalho indústria beneficiamento Madeira serraria marcenaria indústria moveleira preservação madeira estabelecimento comercial venda madeira sugestão qualificação profissional certificação intermediário curso técnico considerar ocupação prever cbo cubador Madeira serrador Madeira operador máquina usinagem Madeira operador molduradora operador lixadeira sugestão formação continuar curso especialização técnico póstécnico especialização técnico tratamento resíduo especialização técnico reflorestamento sugestão verticalização curso graduação curso alto tecnologia bacharelar licenciaturar curso alto tecnologia produção moveleiro curso alto tecnologia papel celulose curso alto tecnologia processo químico bacharelar engenharia produção bacharelar engenharia florestal técnico Madeira assistente técnico Madeira técnico madeireiro
CNCT_151,CNCT,Técnico em Processos Gráficos,técnico processo gráfico técnico processo gráfico habilitar planejar coordenar controlar realizar serviço produção gráca preparar matriz impressão reconhecer diferente processo impressão operar controlar diferente processo impressão acordo projeto gráfico ajustar operar máquina pósimpressão controlar qualidade material impresso analisar avaliar característica matériasprima produto controlar estoque produto acabar atuação técnico processo gráfico fundamental conhecimento saber relacionar processo planejamento operação atribuição área modo assegurar saúde segurança trabalhador futuro usuário operador empresa processo transformação processo gráfico conhecimento saber relacionar sustentabilidade processo produtivo norma relatório técnico legislação área novo tecnologia relacionar indústria liderança equipe solução problema técnico gestão conflito local ambiente trabalho indústria gráco editora agência propaganda marketing design fornecedor insumo equipamento gráfico departamento gráfico editora rótulo etiqueta indústria embalagem convertedor indústria embalagem flexível empresa préimpressão sugestão qualificação profissional certificação intermediário curso técnico considerar ocupação prever cbo auxiliar impressão digital auxiliar impressão flexográca auxiliar impressão offset auxiliar impressão rotográca préimpressor gráco sugestão formação continuar curso especialização técnico póstécnico especialização técnico préimpressão especialização técnico acabamento gráfico editorial especialização técnico acabamento gráfico cartotécnico especialização técnico impressão offset especialização técnico impressão rotográca especialização técnico impressão flexográfico sugestão verticalização curso graduação curso alto tecnologia bacharelar licenciaturar curso alto tecnologia design produto curso alto tecnologia design gráco curso alto tecnologia papel celulose curso alto tecnologia processo químico curso alto tecnologia produção gráca técnico gráfico técnico programação visual técnico arte gráfico desenhista técnico arte gráfico artefinalista desenhista técnico arte gráfico desenhista técnico artefinal supervisor arte gráfico indústria editorial gráfico
CNCT_152,CNCT,Técnico em Cerâmica,técnico cerâmica técnico cerâmica habilitar planejar coordenar supervisionar etapa produção material cerâmico operar controlar linha produção produto cerâmico utilizar máquina equipamento instrumento indústria cerâmico manipular caracterizar matériasprima insur indústria cerâmico desenvolver melhoria processo produtivo programar produção realizar ensaio físicoquímico controle qualidade matériaprima produto acabar controlar estoque produto acabar atuação técnico cerâmica fundamental conhecimento saber relacionar processo planejamento operação atribuição área modo assegurar saúde segurança trabalhador futuro usuário operador empresa processo transformação cerâmica conhecimento saber relacionar sustentabilidade processo produtivo norma relatório técnico legislação área novo tecnologia relacionar indústria liderança equipe solução problema técnico gestão conflito local ambiente trabalho indústria revestimento refratário cerâmico técnico vidro pigmento tinta uso cerâmico mineradora instituto pesquisa setor cerâmico empresa cerâmica elétrico cerâmico estrutural louça mesa sugestão qualificação profissional certificação intermediário curso técnico considerar ocupação prever cbo operador forno cerâmico artesão cerâmico sugestão formação continuar curso especialização técnico póstécnico especialização técnico resistência material especialização técnico gestão resíduo cerâmico especialização técnico análise físicoquímico produto cerâmico especialização técnico mineralogia sugestão verticalização curso graduação curso alto tecnologia bacharelar licenciaturar curso alto tecnologia construção edifício curso alto tecnologia controle obra curso alto tecnologia design produto curso alto tecnologia material construção bacharelar engenharia civil ceramista técnico material produto cerâmico vidro técnico ceramista técnico cerâmico técnico vidro
CNCT_153,CNCT,Técnico em Plásticos,técnico plástico técnico plástico habilitar planejar operar controlar coordenar monitorar processo fabricação produto plástico reciclagem supervisionar aquisição matériaprima controlar qualidade produto acabar realizar ensaio físico identicar composição material produto acabar elaborar dimensionamento necessidade instalação industrial controlar estoque produto acabar atuação técnico plástico fundamental conhecimento saber relacionar processo planejamento operação atribuição área modo assegurar saúde segurança trabalhador futuro usuário operador empresa processo transformação polímero conhecimento saber relacionar sustentabilidade processo produtivo norma relatório técnico legislação área novo tecnologia relacionar indústria liderança equipe solução problema técnico gestão conflito local ambiente trabalho indústria transformação utilização polímero geral indústria processamento borracha indústria reciclagem plástico indústria processamento resina indústria têxtil empresa comercialização assistência técnico prestação serviço voltar produto plástico laboratório pesquisa desenvolvimento indústria embalagem sugestão qualificação profissional certificação intermediário curso técnico considerar ocupação prever cbo operador máquina injetoro termoplástico operador máquina extrusora termoplástico preparador máquina injetoro termoplástico preparador máquina extrusoro termoplástico sugestão formação continuar curso especialização técnico póstécnico especialização técnico injetora especialização técnico extrusora sugestão verticalização curso graduação curso alto tecnologia bacharelar licenciaturar curso alto tecnologia gestão produção industrial curso alto tecnologia polímero bacharelar engenharia plástico bacharelar engenharia automação industrial bacharelar engenharia produção bacharelar engenharia mecânico bacharelar engenharia material técnico plástico técnico borracha técnico processo plástico técnico injeção plástico técnico laboratório plástico técnico químico plástico
CNCT_154,CNCT,Técnico em Vidros,técnico vidro técnico vidro habilitar atuar planejamento controle matériasprima processo produtivo fabricação material construção vidro participar desenvolvimento produto relacionar vidro planejar controlar manutenção mecânico equipamento área aplicar técnica medição controle qualidade produto cumprir norma procedimento segurança trabalho preservação ambiental operar etapa movimentação material insumo relacionar área controlar estoque produto acabar atuação técnico vidro fundamental conhecimento saber relacionar processo planejamento operação atribuição área modo assegurar saúde segurança trabalhador futuro usuário operador empresa processo transformação vidro conhecimento saber relacionar sustentabilidade processo produtivo norma relatório técnico novo tecnologia relacionar indústria liderança equipe solução problema técnico gestão conflito local ambiente trabalho indústria vidro plano embalagem artigo mesa tubo vidro vidro fibra reforço vidro artístico isolador vidro tijolo telha vidro faróis vidrar laboratório lente Fibra óticar luminária produto mineral metálico sugestão qualificação profissional certificação intermediário curso técnico considerar ocupação prever cbo auxiliar técnico produção vidro sugestão formação continuar curso especialização técnico póstécnico especialização técnico operador produção vidraria decoração especialização técnico vidraceiro sugestão verticalização curso graduação curso alto tecnologia bacharelar licenciaturar curso alto tecnologia construção civil bacharelar engenharia material bacharelar engenharia produção técnico material produto cerâmico vidro técnico vidro técnico ceramista técnico cerâmica
CNCT_155,CNCT,Técnico em Açúcar e Álcool,técnico açúcar álcool técnico açúcar álcool habilitar controlar supervisionar operação processo tecnológico produção açúcar álcool subproduto realizar análises físicoquímico microbiológico matériasprima produto processo industrialização canadeaçúcar controle qualidade desenvolver produto processo açúcar álcool colaborar equipe multidisciplinar fase colheita transporte moagem industrialização distribuição produto subproduto operar etapa movimentação material insumo relacionar área atuação técnico açúcar álcool fundamental conhecimento saber relacionar processo planejamento operação atribuição área modo assegurar saúde segurança trabalhador futuro usuário operador empresa processo transformação açúcar álcool conhecimento saber relacionar sustentabilidade processo produtivo norma relatório técnico legislação área novo tecnologia relacionar indústria liderança equipe solução problema técnico gestão conflito local ambiente trabalho usina açúcar álcool destilario empresa distribuidoro combustível empresa produção venda insumo industrial empresa distribuidoro açúcar laboratório pesquisa indústria químico afim cooperativa fornecedor produtor matériaprima açúcar álcool indústria bebida gaseificar bebida destilar indústria alimentício órgão público empresa terceirizar setorfertilizantesanálise solo empresa setor sucroenergético sugestão qualificação profissional certificação intermediário curso técnico considerar ocupação prever cbo auxiliar técnico biotecnologia operador equipamento destilação álcool operador moenda fabricação açúcar assistente controle qualidade açúcar álcool assistente processo açúcar álcool sugestão formação continuar curso especialização técnico póstécnico especialização técnico tratamento resíduo especialização técnico tratamento água euente especialização técnico biossegurança especialização técnico eficiência energético industrial sugestão verticalização curso graduação curso alto tecnologia bacharelar licenciaturar curso alto tecnologia biocombustível curso alto tecnologia produção cachaça bacharelar bioquímica bacharelar engenharia agronômico bacharelar engenharia ambiental bacharelar engenharia alimento bacharelar engenharia produção bacharelar engenharia químico bacharelar química industrial bacharelar química técnico químico analista laboratório químico técnico celulose papel técnico curtimento analista produto químico analista tratamento água analista químico técnico análise químico técnico ciência químico técnico desenvolvimento análise químico técnico indústria químico técnico laboratório água esgoto técnico laboratório exclusive análises clínica técnico sistema tratamento água técnico químico exclusive análises químico técnico químico industrial técnico biotecnologia técnico imunobiológico
CNCT_156,CNCT,Técnico em Biocombustíveis,técnico biocombustível técnico biocombustível habilitar operar controlar processo produção biocombustível sólido líquido gasoso supervisionar aquisição beneciamento matériasprima relacionado área supervisionar comercialização distribuição produto biocombustível executar processo transformação óleo vegetal biocombustível líquido executar processo produção biocombustível sólido oriundo produto oresta energético processar resíduo agropecuário transformação biocombustível gasoso controlar qualidade matériasprima insumo produto realizar análises químico atuação técnico biocombustível fundamental conhecimento saber relacionar processo planejamento operação modo assegurar saúde segurança trabalhador futuro usuário operador empresa processo transformação biocombustível conhecimento saber relacionar sustentabilidade processo produtivo norma relatório técnico lei novo tecnologia relacionar indústria liderança equipe solução problema técnico gestão conflito local ambiente trabalho indústria biodiesel demais biocombustível laboratório controle qualidade usina açúcar álcool empresa distribuidoro biocombustível cooperativa produção biocombustível sugestão qualificação profissional certificação intermediário curso técnico considerar ocupação prever cbo auxiliar técnico biotecnologia sugestão formação continuar curso especialização técnico póstécnico especialização técnico tratamento resíduo especialização técnico Biogás biometano sugestão verticalização curso graduação curso alto tecnologia bacharelar licenciaturar curso alto tecnologia biocombustível curso alto tecnologia processo químico bacharelar engenharia ambiental bacharelar engenharia químico bacharelar química ocupação ainda classificar
CNCT_157,CNCT,Técnico em Biotecnologia,técnico biotecnologia técnico biotecnologia habilitar executar atividade laboratorial biotecnologia biociência controlar monitorar processo industrial laboratorial área preparar material meio cultura Soluções reagente analisar substância material biológico cultivar vivo vitro microrganismos célula tecido animal vegetal auxiliar pesquisa melhoramento genético realizar preparo amostra tecido animal vegetal extrair replicar quanticar biomolécula realizar produção imunobiológico vacina diluente kit diagnóstico operar criação manejo animal experimentação controlar qualidade matériasprima insumo produto atuação técnico biotecnologia fundamental conhecimento saber relacionar processo planejamento operação atribuição área modo assegurar saúde segurança trabalhador futuro usuário operador empresa processo transformação biotecnológico conhecimento saber relacionar sustentabilidade processo produtivo norma relatório técnico legislação área novo tecnologia relacionar indústria liderança equipe solução problema técnico gestão conflito local ambiente trabalho empresa indústria agroindústria instituição pesquisa ensino desenvolvimento biociência produto biotecnológico laboratório controle qualidade biomolécula bioprocesso biologia molecular toxicologia biodiagnóstico análises clínica banco material biológico gene empresa consultorio assistência técnico comercialização insumo equipamento utilizar área biociência biotecnologia indústria alimentícia cosmético bebida farmacêutica laboratório agropecuária ambiental estação monitoramento tratamento biológico água escritório patente biotecnológico empreendimento próprio sugestão qualificação profissional certificação intermediário curso técnico considerar ocupação prever cbo auxiliar técnico biotecnologia sugestão formação continuar curso especialização técnico póstécnico especialização técnico Biogás biometano especialização técnico biotecnologia microrganismo especialização técnico biotecnologia vegetal especialização técnico biotecnologia animal especialização técnico biotecnologia cosmético especialização técnico tratamento resíduo especialização técnico tratamento água euente especialização técnico biossegurança especialização técnico análises laboratorial indústria alimento especialização técnico imunohematologia especialização técnico bioquímica especialização técnico biologia molecular especialização técnico microbiologia médico sugestão verticalização curso graduação curso alto tecnologia bacharelar licenciaturar curso alto tecnologia saneamento ambiental bacharelar ciência biológico bacharelar biomedicina bacharelar farmácia bacharelar nutrição bacharelar engenharia alimento bacharelar engenharia químico bacharelar biotecnologia bacharelar engenharia ambiental bacharelar engenharia bioprocesso biotecnologia técnico biotecnologia técnico imunobiológico
CNCT_158,CNCT,Técnico em Celulose e Papel,técnico celulose papel técnico celulose papel habilitar controlar processo obtenção celulose fabricação papel realizar ensaio análise químico físico físicoquímico matériasprima produto seguir norma procedimento técnico planejar executar supervisionar processo secagem corte produção papel atuação técnico celulose papel fundamental conhecimento saber relacionar processo planejamento operação atribuição área modo assegurar saúde segurança trabalhador futuro usuário operador empresa processo obtenção celulose fabricação papel conhecimento saber relacionar sustentabilidade processo produtivo norma relatório técnico legislação área novo tecnologia relacionar indústria liderança equipe solução problema técnico gestão conflito local ambiente trabalho indústria gráfico celulose papel empresa fornecedoro matériasprima equipamento indústria celulose papel empresa comercialização papel cartão papelão instituto pesquisa celulose papel empresa comercialização assistência técnico produto equipamento referente indústria celulose papel sugestão qualificação profissional certificação intermediário curso técnico considerar ocupação prever cbo auxiliar produção celulose auxiliar produção papel operador processo fabricação papel operador processo celulose analista laboratório papel celulose sugestão formação continuar curso especialização técnico póstécnico especialização técnico tratamento resíduo especialização técnico tratamento água euente sugestão verticalização curso graduação curso alto tecnologia bacharelar licenciaturar curso alto tecnologia gestão produção industrial curso alto tecnologia papel celulose curso alto tecnologia processo químico bacharelar engenharia produção bacharelar engenharia florestal bacharelar engenharia químico bacharelar química industrial bacharelar química técnico celulose papel colorista papel técnico químico técnico curtimento colorista têxtil preparador tinta
CNCT_159,CNCT,Técnico em Curtimento,técnico curtimento técnico curtimento habilitar planejar coordenar supervisionar processo beneciamento couro pele selecionar executar análises laboratorial controle qualidade realizar operação processo curtimento recurtimento matização préacabamento acabamento desenvolver melhoria processo produtivo programar produção realizar ensaio físicoquímico controle qualidade matériaprima produto acabar controlar estoque produto acabar atuação técnico curtimento fundamental conhecimento saber relacionar processo planejamento operação atribuição área modo assegurar saúde segurança trabalhador futuro usuário operador empresa processo transformação curtimento conhecimento saber relacionar sustentabilidade processo produtivo norma relatório técnico legislação área novo tecnologia relacionar indústria liderança equipe solução problema técnico gestão conflito local ambiente trabalho indústria curtimento couro pele indústria couro calçar empresa assistência técnico comercialização produto indústria calçadisto courista entidade instituto pesquisa desenvolvimento produto químico curtume calçar laboratório monitoramento euente estação tratamento água resíduo Curtume sugestão qualificação profissional certificação intermediário curso técnico considerar ocupação prever cbo operador processo curtimento couro pele sugestão formação continuar curso especialização técnico póstécnico especialização técnico tratamento resíduo especialização técnico curtidor couro pele especialização técnico tratamento água euente especialização técnico curtimento pele peixe sugestão verticalização curso graduação curso alto tecnologia bacharelar licenciaturar curso alto tecnologia processo químico curso alto tecnologia gestão produção industrial bacharelar bioquímica bacharelar química bacharelar química industrial bacharelar química alimento bacharelar química ambiental bacharelar engenharia químico bacharelar engenharia bioquímico bacharelar engenharia produção técnico curtimento técnico químico couro técnico químico curtimento supervisor curtimento técnico curtimento supervisor primeiro linha curtidor couro pele auxiliar curtimento curtidor couro depilador couro pele enxugador couro pele classificador couro enxugador couro rebaixador couro operador enxugador couro operador fulão
CNCT_160,CNCT,Técnico em Petróleo e Gás,técnico petróleo gás técnico petróleo gás habilitar operar controlar coordenar monitorar processo produção reno petróleo gás programar planejar manutenção máquina equipamento relacionar processo realizar amostragem caracterização petróleo gás natural derivar realizar procedimento controle qualidade matériasprima insumo produto analisar dado estatístico processo produtivo interpretar laudo anális química comprar estocar matériasprima produto insumo controlar estoque produto acabar atuação técnico petróleo gás fundamental conhecimento saber relacionar processo planejamento operação atribuição área modo assegurar saúde segurança trabalhador futuro usuário operador empresa processo transformação petróleo gás conhecimento saber relacionar sustentabilidade processo produtivo norma relatório técnico legislação área novo tecnologia relacionar indústria liderança equipe solução problema técnico gestão conflito local ambiente trabalho indústria petróleo gás extração petróleo gás instalação industrial laboratório análise certicação desenvolvimento produto derivar petróleo gás natural indústria reno petróleo gás natural instituição pesquisa desenvolvimento produto derivar petróleo gás empresa comercialização produto derivar petróleo gás prestadora serviço relacionar petróleo sugestão qualificação profissional certificação intermediário curso técnico considerar ocupação prever cbo operador petróleo gás sugestão formação continuar curso especialização técnico póstécnico especialização técnico fluido perfuração especialização técnico análise solo sugestão verticalização curso graduação curso alto tecnologia bacharelar licenciaturar curso alto tecnologia biocombustível curso alto tecnologia petróleo gás curso alto tecnologia processo químico bacharelar engenharia petróleo bacharelar engenharia químico bacharelar geologia bacharelar química industrial técnico químico petróleo analista laboratório químico petróleo analista químico petróleo técnico análise óleos graxa técnico laboratório análises físicoquímico petróleo técnico mineração óleo petróleo técnico produção extração petróleo técnico exploração petróleo técnico extração petróleo gás natural técnico produção refino petróleo técnico operação refino petróleo gás técnico processamento refino petróleo gás técnico processamento mineral
CNCT_161,CNCT,Técnico em Petroquímica,técnico petroquímica técnico petroquímica habilitar coletar amostra realizar análises químico físicoquímico processo produto petroquímico avaliar controlar qualidade matériasprima insumo produto controlar estoque produto acabar operar monitorar controlar processo químico petroquímico refino petróleo atuação técnico petroquímica fundamental conhecimento saber relacionar processo planejamento operação atribuição área modo assegurar saúde segurança trabalhador futuro usuário operador empresa processo transformação petroquímica conhecimento saber relacionar sustentabilidade processo produtivo norma relatório técnico legislação área novo tecnologia relacionar indústria liderança equipe solução problema técnico gestão conflito local ambiente trabalho empresa indústria químico petroquímico reno petróleo laboratório caracterização petróleo derivar controle qualidade insumo produto instituição pesquisa desenvolvimento produto petroquímico empresa comercialização produto derivar petroquímico bem prestadora serviço sugestão qualificação profissional certificação intermediário curso técnico considerar ocupação prever cbo operador petróleo gás sugestão formação continuar curso especialização técnico póstécnico especialização técnico combustível biocombustível especialização técnico gase combustível sugestão verticalização curso graduação curso alto tecnologia bacharelar licenciaturar curso alto tecnologia processo químico curso alto tecnologia petróleo gás curso alto tecnologia polímero bacharelar química bacharelar engenharia petróleo bacharelar engenheira químico bacharelar química industrial técnico petroquímica técnico indústria petroquímico técnico processamento industrial petroquímico técnico processo petroquímico técnico produção gás combustível técnico produção petroquímico técnico sistema industrial petroquímica técnico refinação petróleo técnico petroquímico técnico produção refino petróleo técnico operação refino petróleo gás técnico processamento refino petróleo gás técnico processamento mineral
CNCT_162,CNCT,Técnico em Química,técnico química técnico química habilitar operar controlar monitorar processo industrial laboratorial controlar qualidade matériasprima insumo produto realizar amostragem anális químico físicoquímico microbiológico desenvolver produto processo comprar estocar matériasprima insumo produto controlar estoque produto acabar realizar especificação produto processo seleção fornecedor produto químico atuação técnico química fundamental conhecimento saber relacionar processo planejamento operação atribuição área modo assegurar saúde segurança trabalhador futuro usuário operador empresa processo transformação química conhecimento saber relacionar sustentabilidade processo produtivo norma relatório técnico legislação área novo tecnologia relacionar indústria liderança equipe solução problema técnico gestão conflito local ambiente trabalho indústria químico laboratório controle qualidade certicação produto químico alimentício ans laboratório ensino pesquisa desenvolvimento indústria empresa químico empresa consultorio assistência técnico comercialização produto químico farmoquímico farmacêutico estação tratamento água euente sugestão qualificação profissional certificação intermediário curso técnico considerar ocupação prever cbo operador processo químico industrial auxiliar laboratório análises químico assistente análises processo químico assistente produção processo químico sugestão formação continuar curso especialização técnico póstécnico especialização técnico análises espectrométrica especialização técnico análises combustível especialização técnico microbiologia alimentar especialização técnico Biogás biometano sugestão verticalização curso graduação curso alto tecnologia bacharelar licenciaturar curso alto tecnologia processo químico curso alto tecnologia petróleo gás curso alto tecnologia polímero curso alto tecnologia biocombustível bacharelar bioquímica bacharelar química bacharelar química industrial bacharelar química alimento bacharelar química petróleo bacharelar química ambiental bacharelar engenharia químico bacharelar engenharia bioquímico licenciatura química técnico químico analista laboratório químico técnico laboratório análises físicoquímico material construção técnico químico petróleo analista produto químico analista tratamento água analista químico técnico análise químico técnico ciência químico técnico desenvolvimento análise químico técnico indústria químico técnico laboratório água esgoto técnico laboratório exclusive análises clínica técnico sistema tratamento água técnico químico exclusive análises químico técnico químico industrial técnico petroquímica técnico laboratório industrial técnico laboratório análises físicoquímico material construção técnico químico petróleo auxiliar laboratorista indústria laboratorista ensaio mecânico laboratorista ensaio químico laboratorista exclusive análises clínica laboratorista industrial laboratorista químico laboratorista têxtil
CNCT_163,CNCT,Técnico em Calçados,técnico calçado técnico calçado habilitar executar supervisionar operação relativo fabricação calçado preparação corte costura pesponto montagem acabamento auxiliar planejamento programação controle processo produção controlar qualidade matériasprima insumo produto acompanhar tendência mercado área calçado verificar material alternartivo confecção calçado atuação técnico calçado fundamental conhecimento saber relacionar processo planejamento operação atribuição área modo assegurar saúde segurança trabalhador futuro usuário operador empresa processo transformação calçado conhecimento saber relacionar sustentabilidade processo produtivo norma relatório técnico legislação área novo tecnologia relacionar indústria liderança equipe solução problema técnico gestão conflito local ambiente trabalho indústria comércio calçado couro assistência técnico produto indústria calçado instituto certicação qualidade calçado indústria componente calçar sugestão qualificação profissional certificação intermediário curso técnico considerar ocupação prever cbo operador cad calçado desenhista calçado acabador calçado sugestão formação continuar curso especialização técnico póstécnico sugestão verticalização curso graduação curso alto tecnologia bacharelar licenciaturar curso alto tecnologia design moda curso alto tecnologia design produto bacharelar design gráco técnico calçado artefato couro técnico confecção vestuário modelista calçado
CNCT_164,CNCT,Técnico em Joalheria,técnico joalheria técnico joalheria habilitar planejar executar lapidação gema fabricação joia realizar manutenção corretivo preventivo equipamento relacionar joalheria fundir conformar metal precioso semiprecioso montagem joia semijoia aplicar técnica produção joalheiro acabamento conhecimento aspecto estético cultural técnica interagir prossional gemologia área ans elaborar documentação técnico normatizar área controlar estoque produto acabar atuação técnico joalheria fundamental conhecimento saber relacionar processo planejamento operação atribuição área modo assegurar saúde segurança trabalhador futuro usuário operador empresa processo transformação joalheria conhecimento saber relacionar sustentabilidade processo produtivo norma relatório técnico legislação área novo tecnologia relacionar indústria liderança equipe solução problema técnico gestão conflito local ambiente trabalho indústria joalheiro ateliê jóia sugestão qualificação profissional certificação intermediário curso técnico considerar ocupação prever cbo cravejador joia gravador joia fundidor joia joalheiro lapidador joia sugestão formação continuar curso especialização técnico póstécnico sugestão verticalização curso graduação curso alto tecnologia bacharelar licenciaturar curso alto tecnologia produção joalheria curso alto tecnologia design produto bacharelar design ocupação ainda classificar
CNCT_165,CNCT,Técnico em Têxtil,técnico têxtil técnico têxtil habilitar supervisionar processo produtivo cadeia têxtil ação beneciamento planejar controlar operação processo área ação tecelagem beneciamento têxtil desenvolver padronagem malharia tecido plano desenvolver produto processo tinturaria estampario acabamento nal realizar teste controle qualidade químico físico colorimétrico analisar laudo técnico controlar estoque produto acabar atuação técnico têxtil fundamental conhecimento saber relacionar processo planejamento operação atribuição área modo assegurar saúde segurança trabalhador futuro usuário operador empresa processo transformação têxtil conhecimento saber relacionar sustentabilidade processo produtivo norma relatório técnico legislação área novo tecnologia relacionar indústria liderança equipe solução problema técnico gestão conflito local ambiente trabalho tecelagem malharia empresa beneficiamento têxtil tinturaria estamparia lavanderia industrial laboratório têxtel indústria químico relacionar setor têxtil fornecedor matériaprima máquina equipamento setor têxtil assessorio consultoria técnico empresa setor sugestão qualificação profissional certificação intermediário curso técnico considerar ocupação prever cbo estampador têxtil revisor tecido operador processo fiação operador processo malharia operador processo tecelagem plano operador processo beneficiamento tecelão tingidor têxtil sugestão formação continuar curso especialização técnico póstécnico especialização técnico estampar especialização técnico beneficiamento têxtel especialização técnico fiação sugestão verticalização curso graduação curso alto tecnologia bacharelar licenciaturar curso alto tecnologia gestão produção industrial curso alto tecnologia produção vestuário curso alto tecnologia produção têxtil curso alto tecnologia design moda bacharelar engenharia produção bacharelar engenharia químico bacharelar engenharia mecânico bacharelar engenharia têxtil bacharelar química bacharelar design têxtil bacharelar design moda técnico têxtil tratamento químico desenhista técnico indústria têxtil agente Fiscal têxtil afiador carda contramestre acabamento indústria têxtil contramestre tecelagem indústria têxtil mestre indústria têxtil confecção classificador fibra têxtel lavador revisor fio produção têxtil revisor tecido acabar técnico têxtil tratamento químico técnico têxtil fiação técnico têxtil malharia técnico têxtil tecelagem colorista têxtil tingidor fio tingidor tecido técnico têxtil preparador tinta fábrica tecido colorista papel preparador tinta preparador tinta fábrica tecido tingidor couro pele colorista papel colorista têxtil preparador tinta tingidor couro pele
CNCT_166,CNCT,Técnico em Vestuário,técnico vestuário técnico vestuário habilitar supervisionar processo confecção produto conforme padrão qualidade analisar denir bom sequência montagem produto acordo forma execução característica matériaprima propor analisar método trabalho processo fabri vestuário determinar tempopadrão operação dimensionar recurso necessário atendimento demanr cliente supervisionar utilização máquina costura industrial equipamento organizar fluxo produção monitorar desempenho produção supervisionar execução plano manutenção controlar estoque produto acabar apoiar equipe desenvolvimento produto função característica operacional produção interno externo atuação técnico vestuário fundamental conhecimento saber relacionar processo planejamento operação atribuição área modo assegurar saúde segurança trabalhador futuro usuário operador empresa processo transformação vestuário indústria moda conhecimento saber relacionar sustentabilidade processo produtivo norma relatório técnico legislação área novo tecnologia relacionar indústria liderança equipe solução problema técnico gestão conflito local ambiente trabalho indústria confecção vestuário empresa desenvolvimento produto ateliê costura prossional autônomo sugestão qualificação profissional certificação intermediário curso técnico considerar ocupação prever cbo costureiro costureiro industrial vestuário modelista desenhista moda encarregar corte confecção vestuário encarregar costura confecção vestuário costureira peça sob encomenda ajudante confecção sugestão formação continuar curso especialização técnico póstécnico especialização técnico modelagem avançar especialização técnico supervisão produção vestuário especialização técnico confecção especialização técnico material têxtel especialização técnico especificação vestuário sugestão verticalização curso graduação curso alto tecnologia bacharelar licenciaturar curso alto tecnologia gestão produção industrial curso alto tecnologia produção vestuário bacharelar engenharia produção bacharelar design moda técnico confecção vestuário técnico calçado artefato couro
CNCT_167,CNCT,Técnico em Geologia,técnico geologia técnico geologia habilitar realizar atividade prospecção avaliação técnico econômico planejamento extração produção referente recurso natural prestar assistência técnico assessorio estudo desenvolvimento projeto pesquisa tecnológico trabalho vistor perícia arbitramento consultor elaborar orçamento laur parecer relatório projeto inclusive incorporação novo tecnologia realizar levantamento coleta processamento análise dado através sistema navegação global satélite gnss levantar processar dado obter meio sensor orbital radar imageador aeronave remotamente pilotar elaborar gerenciar dado sistema informação geográfico sig executar mapeamento geológico amostragem superfície subsolo identificar qualificar quantificar ocorrência mineral realizar caracterização minério realizar levantamento topográfico atividade pesquisa mineral operar equipamento sondagem perfuração pesquisa mineral atuação técnico geologia fundamental conhecimento saber relacionar recurso mineral proteção ambiental atualização relação inovação tecnológico cooperação forma construtivo colaborativar trabalho equipe tomar decisão adoção senso investigativo visão sistêmico atividade processo capacidade comunicação argumentação autonomio proatividade lideranço respeito diversidade grupo trabalho resiliênciar frente problema organização responsabilidade visão crítico humanístico ética consciência relação impacto atuação profissional sociedade ambiente local ambiente trabalho empresa público privado atuar desenvolvimento tecnológica área geologia instituição assistência técnico pesquisa análise experimentação empresa consultoria empresa mineração petróleo empresa equipamento mineração centro pesquisa mineração geologia sugestão qualificação profissional certificação intermediário curso técnico considerar ocupação prever cbo amostrador minério beneficiador minério supervisor apoio operacional mineração supervisor produção mineração supervisor transporte mineração sugestão formação continuar curso especialização técnico póstécnico especialização técnico mineralogia petrografiar especialização técnico caracterização mineralógico especialização técnico pesquisa mineral especialização técnico topografia especialização técnico sondagem amostragem geoquímico sugestão verticalização curso graduação curso alto tecnologia bacharelar licenciaturar curso alto tecnologia agrimensura curso alto tecnologia beneficiamento minério curso alto tecnologia estrada curso alto tecnologia explotação recurso mineral curso alto tecnologia gestão ambiental curso alto tecnologia geoprocessamento curso alto tecnologia mineração curso alto tecnologia processo metalúrgico curso alto tecnologia petróleo gás curso alto tecnologia produção joalheiro curso alto tecnologia rocha ornamental bacharelar agrimensura bacharelar engenharia mina bacharelar engenharia geológico bacharelar geologia licenciatura geografia licenciatura química técnico geofísica técnico geologia técnico geoquímica técnico geotecnia técnico pesquisa mineral
CNCT_168,CNCT,Técnico em Mineração,técnico mineração técnico mineração habilitar realizar atividade prospecção avaliação técnico econômico planejamento extração produção referente recurso natural prestar assistência técnico assessorio estudo desenvolvimento projeto pesquisa tecnológico trabalho vistor perícia arbitramento consultor elaborar orçamento laur parecer relatório projeto inclusive incorporação novo tecnologia realizar levantamento topográfico sensoriamento remoto geoprocessamento conforme formação profissional auxiliar caracterização minério sob aspecto físicoquímico mineralógico granulométrico executar projeto desmonte transporte carregamento minério monitorar estabilidade rocha mina subterrâneo céu abrir auxiliar mapeamento geológico amostragem superfície subsolo supervisionar coordenar operar equipamento fragmentação separação mineral separação sólidolíquer hidrometalúrgico secagem supervisionar coordenar operar equipamento extração mineral sondagem perfuração amostragem transporte orientar coordenar execução serviço manutenção equipamento prestar assistência técnico compra venda utilização equipamento especializados atuação técnico mineração fundamental conhecimento saber relacionar recurso mineral proteção ambiental atualização relação inovação tecnológico cooperação forma construtivo colaborativar trabalho equipe tomar decisão adoção senso investigativo visão sistêmico atividade processo capacidade comunicação argumentação autonomio proatividade lideranço respeito diversidade grupo trabalho resiliênciar frente problema organização responsabilidade visão crítico humanístico ética consciência relação impacto atuação profissional sociedade ambiente local ambiente trabalho empresa público privado atuar desenvolvimento solução tecnológico exploração recurso mineral instituição assistência técnico pesquisa análise experimentação empresa consultoria empresa mineração petróleo empresa equipamento mineração centro pesquisa mineração sugestão qualificação profissional certificação intermediário curso técnico considerar ocupação prever cbo amostrador minério beneficiador minério supervisor apoio operacional mineração supervisor produção mineração supervisor transporte mineração sugestão formação continuar curso especialização técnico póstécnico especialização técnico mineralogia petrografiar especialização técnico caracterização mineralógico especialização técnico beneficiamento rocha ornamental especialização técnico gestão operacional produção enfoque mineração especialização técnico caracterização tecnológico rocha ornamental especialização técnico pesquisa mineral especialização técnico topografia mineração especialização técnico tratamento minério sugestão verticalização curso graduação curso alto tecnologia bacharelar licenciaturar curso alto tecnologia agrimensura curso alto tecnologia estrada curso alto tecnologia beneficiamento minério curso alto tecnologia explotação recurso mineral curso alto tecnologia gestão ambiental curso alto tecnologia mineração curso alto tecnologia petróleo gás curso alto tecnologia produção joalheiro curso alto tecnologia rocha ornamental bacharelar agrimensura bacharelar engenharia mina bacharelar engenharia geológico bacharelar geologia licenciatura química técnico mineração técnico planejamento lavra mina técnico pesquisa mineral técnico processamento mineral exceto petróleo
CNCT_169,CNCT,Técnico em Aquicultura,técnico aquicultura técnico aquicultura habilitar realizar projeto implantação operação sistema cultivo aquícola continental marinho elaborar projeto aquícolas reconhecer potencial área geográfico implantação empreendimento construção aquícola prestar assistência técnico assessorio estudo desenvolvimento projeto pesquisa tecnológico trabalho vistor perícia arbitramento consultor elaborar orçamento laur parecer relatório projeto inclusive incorporação novo tecnologia utilizar tecnologia sistema produção manejo aquícola analisar viabilidade técnico econômico proposta projeto aquícola prestar assistência técnico área crédito rural agroindustrial topografia área rural impacto ambiental construção benfeitoria rural operar equipamento método qualitativo análise água utilizar sistema cultivo reconhecer aspecto biológico fisiológico patológico principal espécie cultivo aplicar princípio nutrição manejo alimentar principal espécie cultivar realizar procedimento reprodução principal espécie interesse aquícola aplicar método programa melhoramento genético aplicar bom prática manipulação fabricação supervisionar etapa conservação processamento beneficiamento comercialização pescar elaborar aplicar monitorar programa profilático higiênico sanitário produção aquícola implantar gerenciar sistema controle qualidade produção aquícola emitir laudo documento classificação exercer fiscalização produto origem aquícola treinar conduzir equipe modalidade atuação profissional prevenir situação risco segurança trabalho aplicar legislação pertinentes processo produtivo meio ambiente aplicar prática sustentável manejo conservação solo água utilizar equipamento programa fim topográfico georreferenciamento identificar aplicar técnica mercadológico distribuição comercialização produto aquícola executar gestão econômico financeiro produção aquícolas administrar gerenciar propriedade aquícola atuação técnico aquicultura fundamental conhecimento saber relacionar processo produção reprodução animal aquático peixe camarão mexilhão ostro rã outro conhecimento relacionar monitoramento qualidade água controle sanitário organismo aquático bom prática manipulação beneficiamento pescado conhecimento relacionar gestão negócio voltar aquicultura legislação ambiental planejamento produção gestão projeto processo empreendedorismo mercado comercialização pescar extensão pesqueiro aquicultura estabelecimento rural aquicultura água união política público desenvolvimento aquicultura associativismo cooperativismo domínio uso tecnologia informação base tecnológico habilidade comunicação resolução situaçõesproblema habilidade trabalho equipe gestão conflito local ambiente trabalho propriedade rural fazenr aquicultura continental marinho cooperativa associação empreendimento próprio empresa setor hidroelétrico atividade repovoamento avaliação fauna aquático instituição pesquisa extensão assistência técnico órgão público empresa privado sugestão qualificação profissional certificação intermediário curso técnico considerar ocupação prever cbo supervisor aquicultura trabalhador preparação pescado tratador animal produção aquícola sugestão formação continuar curso especialização técnico póstécnico especialização técnico beneficiamento processamento pescado especialização técnico nutrição peixe especialização técnico reprodução peixe especialização técnico produção peixe especialização técnico cultivo alga especialização técnico cultivo crustáceo especialização técnico cultivo molusco especialização técnico ranicultura especialização técnico qualidade água aquicultura sugestão verticalização curso graduação curso alto tecnologia bacharelar licenciaturar curso alto tecnologia alimento curso alto tecnologia aquicultura curso alto tecnologia gestão recurso hídrico curso alto tecnologia produção pesqueiro bacharelar aquacultura bacharelar aquicultura bacharelar ciência biológico bacharelar ecologia bacharelar engenharia aquicultura bacharelar engenharia pesca bacharelar medicina veterinário bacharelar zootecnia licenciatura ciência agrícola licenciatura ciência biológico técnico piscicultura técnico carcinicultura técnico mitilicultura técnico ranicultura
CNCT_170,CNCT,Técnico em Pesca,técnico pesca técnico pesca habilitar planejar executar atividade relacionar pesca extrativo operação embarque desembarque pescar prestar assistência técnico assessorio estudo desenvolvimento projeto pesquisa tecnológico trabalho vistor perícia arbitramento consultor elaborar orçamento laur parecer relatório projeto inclusive incorporação novo tecnologia analisar viabilidade técnico econômico proposta projeto pesqueiro prestar assistência técnico área crédito rural agroindustrial impacto ambiental utilizar procedimento armação pesca construir efetuar manutenção apetrecho pesca rede isco armadilho anzol realizar procedimento beneficiamento processamento pescado embarcação pesca frigorífico aplicar bom prática manipulação fabricação supervisionar etapa conservação processamento beneficiamento comercialização pescar elaborar aplicar monitorar programa profilático higiênico sanitário cadeia produtivo pescado implantar gerenciar sistema controle qualidade produção pescar emitir laudo documento classificação exercer fiscalização produto pesqueiro treinar conduzir equipe modalidade atuação profissional prevenir situação risco segurança trabalho aplicar legislação pertinentes processo produtivo meio ambiente identificar aplicar técnica mercadológico distribuição comercialização pescado executar gestão econômico financeiro produção pesqueiro administrar gerenciar empreendimento pesqueiro conduzir embarcação pesca operar equipamento radar bússola barômetro sistema navegação global satélite gnss atuação técnico pesca fundamental conhecimento saber relacionar processo gestão negócio voltar pesca legislação pesqueiro brasileiro legislação ambiental gestão projeto gestão processo empreendedorismo estatística pesqueira política público desenvolvimento pesca higiene sanitização pessoal embarcação instalação processamento pescado alinhar requisito protocolo internacional domínio uso tecnologia informação base tecnológico habilidade comunicação resolução situaçõesproblema trabalho equipe gestão conflito local ambiente trabalho empresa pesca beneficiamento pescar colônia pescador associação cooperativa pesqueira sindicato pescador empreendimento próprio instituição pesquisa extensão assistência técnico órgão público empresa privado sugestão qualificação profissional certificação intermediário curso técnico considerar ocupação prever cbo gerente produção operação pesqueira operador mantenedor embarcação pesca artesanal redeiro trabalhador preparação pescado sugestão formação continuar curso especialização técnico póstécnico especialização técnico beneficiamento processamento pescado especialização técnico biologia aquático Pesqueira especialização técnico controle qualidade pescado especialização técnico equipamento pesqueiro sugestão verticalização curso graduação curso alto tecnologia bacharelar licenciaturar curso alto tecnologia alimento curso alto tecnologia aquicultura curso alto tecnologia gestão ambiental curso alto tecnologia produção pesqueiro bacharelar aquacultura bacharelar aquicultura bacharelar ciência biológico bacharelar ecologia bacharelar engenharia aquicultura bacharelar engenharia pesca bacharelar oceanografia licenciatura ciência agrícola licenciatura ciência biológico patrão pesca altomar patrão pesca navegação interior
CNCT_171,CNCT,Técnico em Recursos Pesqueiros,técnico recurso pesqueiro técnico recurso pesqueiro habilitar realizar operação setor pesqueiro base manejo qualidade cadeia produtivo pescado analisar avaliar aspecto técnico social econômico cadeia produtivo setor pesqueiro prestar assistência técnico assessorio estudo desenvolvimento projeto pesquisa tecnológico trabalho vistor perícia arbitramento consultor elaborar orçamento laur parecer relatório projeto inclusive incorporação novo tecnologia analisar viabilidade técnico econômico proposta projeto aquícola pesqueiro prestar assistência técnico área crédito rural agroindustrial impacto ambiental reconhecer aspecto fisiológico biológico ecológico espécie cultivar explorada pesca planejar organizar ação extensão Pesqueira planejar organizar dirigir controlar operação pesca despesca confeccionar montar operar apetrecho equipamento pesca aquicultura dar manutenção adequado realizar procedimento reprodução principal espécie interesse pesqueiro monitorar realizar beneficiamento processamento pescar embarcação pesqueir frigorífico pescar aplicar bom prática manipulação fabricação supervisionar etapa conservação processamento beneficiamento comercialização pescar elaborar aplicar monitorar programa profilático higiênico sanitário cadeia produtivo pescado implantar gerenciar sistema controle qualidade produção pescado emitir laudo documento classificação exercer fiscalização produto pesqueiro treinar conduzir equipe modalidade atuação profissional prevenir situação risco segurança trabalho aplicar legislação pertinentes processo produtivo meio ambiente identificar aplicar técnica mercadológico distribuição comercialização pescado executar gestão econômico financeiro produção pesqueiro administrar gerenciar empreendimento setor pesqueiro conduzir embarcação pesca operar equipamento radar bússola barômetro sistema navegação global satélite gnss atuação técnico recurso pesqueiro fundamental conhecimento saber relacionar processo gestão negócio voltar aquicultura pesca legislação pesqueiro brasileiro legislação ambiental planejamento produção gestão projeto gestão processo empreendedorismo mercado comercialização pescar extensão aquícola pesqueira aquicultura água união política público desenvolvimento aquicultura pesca associativismo cooperativismo domínio uso tecnologia informação habilidade comunicação resolução situaçõesproblema trabalho equipe gestão conflito local ambiente trabalho empresa pesca aquiculturo beneficiamento pescar colônia pescador associação cooperativa pesqueira sindicato pescador empreendimento próprio instituição pesquisa extensão assistência técnico órgão público empresa privado sugestão qualificação profissional certificação intermediário curso técnico considerar ocupação prever cbo gerente produção operação pesqueira operador mantenedor embarcação pesca artesanal trabalhador preparação pescado tratador animal produção aquícola sugestão formação continuar curso especialização técnico póstécnico especialização técnico beneficiamento processamento pescado especialização técnico biologia aquático Pesqueira especialização técnico controle qualidade pescado especialização técnico equipamento pesqueiro especialização técnico modelo produção pesqueiro sugestão verticalização curso graduação curso alto tecnologia bacharelar licenciaturar curso alto tecnologia alimento curso alto tecnologia aquicultura curso alto tecnologia gestão ambiental curso alto tecnologia produção pesqueiro bacharelar aquacultura bacharelar aquicultura bacharelar ciência biológico bacharelar ecologia bacharelar engenharia aquicultura bacharelar engenharia pesca bacharelar oceanografia licenciatura ciência agrícola licenciatura ciência biológico técnico piscicultura técnico carcinicultura técnico mitilicultura técnico ranicultura patrão pesca altomar patrão pesca navegação interior
CNCT_172,CNCT,Técnico em Agricultura,técnico agricultura técnico agricultura habilitar planejar organizar dirigir controlar produção vegetal forma sustentável analisar característica econômico social ambiental elaborar executar projeto produção agrícol aplicar bom prática produção agrícola bpa prestar assistência técnico assessorio estudo desenvolvimento projeto pesquisa tecnológico trabalho vistor perícia arbitramento consultor elaborar orçamento laur parecer relatório projeto inclusive incorporação novo tecnologia prestar assistência técnico área crédito rural agroindustrial topografia área rural impacto ambiental paisagismo jardinagem horticultura construção benfeitoria rural drenagem irrigação planejar organizar monitorar atividade exploração manejo solo mata floresta acordo característica alternativa otimização fator climático efeito crescimento desenvolvimento planta animal produzir muda semente propagação cultivo aberto proteger viveiro casa vegetação planejar organizar monitorar processo aquisição preparo conservação armazenamento matéria primo produto agroindustrial aplicar método programa melhoramento genético prestar assistência técnico aplicação comercialização manejo produto especializados recomendação interpretação análise solo aplicação fertilizante corretivo trato cultura identificar processo simbiótico absorção translocação efeito alelopático solo plantar planejar ação referente trato cultura selecionar aplicar método erradicação controle vetor praga doença planta daninho planejar acompanhar colheita póscolheita supervisionar armazenamento conservação comercialização industrialização produto agrícola elaborar aplicar monitorar programa profilático higiênico sanitário produção vegetal agroindustrial implantar gerenciar sistema controle qualidade produção agrícolo emitir laudo documento classificação exercer fiscalização produto origem vegetal animal agroindustrial implantar pomar acompanhar desenvolvimento fase produtivo emitir respectivo certificado origem qualidade produto treinar conduzir equipe modalidade atuação profissional aplicar legislação pertinentes processo produtivo meio ambiente aplicar prática sustentável manejo conservação solo água identificar aplicar técnica mercadológico distribuição comercialização produto agrícola executar gestão econômico financeiro produção agrícola administrar gerenciar propriedade agrícola realizar procedimento desmembramento parcelamento incorporação imóvel rural operar manejar regular máquina implemento equipamento agrícola operar veículo aéreo remotamente pilotar equipamento precisão monitoramento remoto produção agrícola atuação técnico agricultura fundamental conhecimento saber relacionar produção agrícolo produção processamento alimento fitossanidade proteção ambiental atualização relação inovação tecnológico cooperação forma construtivo colaborativar trabalho equipe tomar decisão adoção senso investigativo visão sistêmico atividade processo capacidade comunicação argumentação autonomio proatividade lideranço respeito diversidade grupo trabalho resiliênciar frente problema organização responsabilidade visão crítico humanístico ética consciência relação impacto atuação profissional sociedade ambiente local ambiente trabalho empresa público privado atuar desenvolvimento solução tecnológico setor agrícola instituição assistência técnico extensão rural pesquisa análise experimentação ensaio divulgação técnico agência defesa Sanitária propriedade rural empresa consultoria agrícola empresa comércio representação comercial produto agrícola indústria insumo agrícola empresa máquina equipamento implemento agrícola indústria processamento produto origem animal vegetal agroindústrio cooperativa associação rural sugestão qualificação profissional certificação intermediário curso técnico considerar ocupação prever cbo agricultor agroflorestal agricultor familiar agricultor orgânico assistente mecanização agrícola auxiliar agricultura executor operação aéreo agrícola operador máquina agrícola trabalhador irrigação drenagem trabalhador produção muda semente trabalhador polivalente agricultura tratorista agrícolar sugestão formação continuar curso especialização técnico póstécnico especialização técnico agricultura precisão especialização técnico agricultura orgânico especialização técnico beneficiamento processamento produto agrícola especialização técnico comercialização logístico produção agrícolo especialização técnico exportação produto agrícola especialização técnico fitossanidade especialização técnico irrigação especialização técnico manejo integrar praga doença planta espontâneo especialização técnico mecanização agrícolo especialização técnico olericulturar especialização técnico emprodução espécie frutífero especialização técnico produção grão especialização técnico póscolheita especialização técnico sistema produção integrar especialização técnico sistema produção vegetal agroecológico sugestão verticalização curso graduação curso alto tecnologia bacharelar licenciaturar curso alto tecnologia agrimensura curso alto tecnologia agrocomputação curso alto tecnologia agroecologia curso alto tecnologia agroindústria curso alto tecnologia cafeicultura curso alto tecnologia geoprocessamento curso alto tecnologia gestão agronegócio curso alto tecnologia horticultura curso alto tecnologia irrigação drenagem curso alto tecnologia produção cacau chocolate curso alto tecnologia produção cachaça curso alto tecnologia produção grão curso alto tecnologia viticultura enologia bacharelar administração rural agroindustrial bacharelar administração rural bacharelar agroecologia bacharelar agronegócio bacharelar agronomia bacharelar ciência agrário bacharelar ciência agrícola bacharelar desenvolvimento rural sustentável agroecologia bacharelar engenharia agrícola licenciatura ciência agrícola licenciatura educação Campo técnico agrícola
CNCT_173,CNCT,Técnico em Agroecologia,técnico agroecologia técnico agroecologia habilitar planejar organizar dirigir controlar produção agrícola forma sustentável analisar característica econômico social ambiental elaborar executar projeto sistema agroecológico produção agropecuário agroextrativista sistema orgânico produção aplicar bom prática produção agrícola bpa planejar organizar monitorar atividade exploração manejo solo mata floresta acordo característica alternativa otimização fator climático efeito crescimento desenvolvimento planta animal produzir muda semente propagação cultivo aberto proteger viveiro casa vegetação planejar organizar monitorar programa nutrição manejo alimentar projeto zootécnico planejar organizar monitorar processo aquisição preparo conservação armazenamento matéria primo produto agroindustrial elaborar orçamento laur parecer relatório projeto inclusive incorporação novo tecnologia orientar projeto recomposição florestal propriedade rural aplicar método programa melhoramento genético aplicar prática sustentável manejo conservação solo água prestar assistência técnico assessorio estudo desenvolvimento projeto pesquisa tecnológico trabalho vistor perícia arbitramento consultor laur parecer relatório técnico prestar assistência técnico área crédito rural agroindustrial topografia área rural impacto ambiental paisagismo jardinagem horticultura construção benfeitoria rural drenagem irrigação interpretar análise solo aplicar fertilizante corretivo trato cultural sistema agroecológico identificar processo simbiótico absorção translocação efeito alelopático solo plantar planejar ação referente trato cultura prestar assistência técnico aplicação comercialização manejo produto especializados selecionar aplicar método agroecológico controle vetor praga doença planta daninho planejar acompanhar colheita póscolheita supervisionar armazenamento conservação comercialização industrialização produto agroecológico elaborar aplicar monitorar programa profilático higiênico sanitário produção animal vegetal agroindustrial emitir laudo documento classificação exercer fiscalização produto agroecológico origem vegetal animal agroindustrial implantar gerenciar sistema controle qualidade produção agroecológico treinar conduzir equipe modalidade atuação profissional aplicar legislação pertinentes processo produtivo meio ambiente executar gestão econômico financeiro produção agroecológico administrar gerenciar propriedade agroecológico operar manejar máquina implemento equipamento agrícola veículo aéreo remotamente pilotar equipamento precisão monitoramento remoto inerente sistema produção agroecológico organizar ação integrar agricultura familiar atuar certificação agroecológico atuação técnico agroecologia fundamental desenvolvimento ação socioambiental conservação recurso natural aliado necessidade econômico sistema produtivo local inclusive povo tradicional quilombola indígena ribeirinho agricultor familiar trabalho equipe fim contribuir participar forma ético cidadã coletivo resolução problema sustentabilidade proposição ideia solução ambiental tecnológico político econômico social cultural acordo princípio ética profissional competência habilidade gerenciar sistema agroecológico produtivo organização ação integrar povo tradicional organização governamental empresa público privado ligar práticas produção agroecológico base princípio ético humanístico democrático inclusivo sustentável solidário local ambiente trabalho propriedade rural empresa comercial agropecuária estabelecimento agroindustrial empresa público privado atuar desenvolvimento solução tecnológico setor agrícola instituição assistência técnico extensão rural pesquisa análise experimentação ensaio divulgação técnico agência defesa Sanitária empresa máquina equipamento implemento agrícola agroindústria parque reserva natural cooperativa associação rural empresa certificação agroecológico empresa certificação orgânico sugestão qualificação profissional certificação intermediário curso técnico considerar ocupação prever cbo agricultor agroflorestal agricultor familiar agricultor orgânico auxiliar agricultura auxiliar agroecologia produtor planta aromático medicinal trabalhador polivalente agricultura tratorista agrícolar sugestão formação continuar curso especialização técnico póstécnico especialização técnico agricultura orgânico especialização técnico beneficiamento processamento produto agroecológico especialização técnico certificação agroecológico especialização técnico emcriação agroecológico especialização técnico gestão cooperativa associação agroecológico especialização técnico manejo integrar praga doença planta espontâneo especialização técnico mecanização agrícolo especialização técnico olericulturar especialização técnico produção espécie frutífero especialização técnico produção grande cultura agroecológico especialização técnico sistema produção integrar especialização técnico sistema produção vegetal agroecológico especialização técnico sistema produção orgânico animal ruminante especialização técnico sistema produção orgânico animal monogástrico especialização técnico sistema produção orgânico pequeno animal sugestão verticalização curso graduação curso alto tecnologia bacharelar licenciaturar curso alto tecnologia agroecologia curso alto tecnologia agroindústria curso alto tecnologia gestão agronegócio curso alto tecnologia alimento curso alto tecnologia aquicultura curso alto tecnologia cafeicultura curso alto tecnologia gestão ambiental curso alto tecnologia horticultura curso alto tecnologia irrigação drenagem curso alto tecnologia laticínio curso alto tecnologia processamento carne curso alto tecnologia produção cacau chocolate curso alto tecnologia produção cachaça curso alto tecnologia produção grão curso alto tecnologia viticultura enologia bacharelar administração rural agroindustrial bacharelar administração rural bacharelar agroecologia bacharelar agronegócio bacharelar agronomia bacharelar ciência agrário bacharelar ciência agrícola bacharelar desenvolvimento rural sustentável agroecologia bacharelar engenharia agrícola bacharelar engenharia aquicultura bacharelar engenharia pesca bacharelar engenharia florestal bacharelar medicina veterinário bacharelar zootecnia licenciatura ciência agrícola licenciatura ciência biológico licenciatura educação Campo técnico agrícola
CNCT_174,CNCT,Técnico em Agronegócio,técnico agronegócio técnico agronegócio habilitar promover gestão negócio coordenar cadeia produtivo operação produção armazenamento processamento distribuição comercialização produto derivar elaborar projetar executar gestão cadeia produtivo rural agrícola pecuário agroindustrial prestar assistência técnico assessorio estudo desenvolvimento projeto pesquisa tecnológico trabalho vistor perícia arbitramento consultor implantar gerenciar sistema controle qualidade produção rural prestar assistência técnico área crédito rural agroindustrial captar aplicar linha crédito compatível produção rural elaborar orçamento laur parecer relatório projeto inclusive incorporação novo tecnologia idealizar ação marketing aplicar agronegócio executar ação promoção gerenciamento organização associativo cooperativista rural programar ação gestão social ambiental promoção sustentabilidade propriedade rural avaliar custos produção aspecto econômico comercialização novo produto serviço identificar aplicar técnica mercadológico distribuição comercialização produto agrícola executar gestão econômico financeiro produção rural administrar gerenciar propriedade rural agroindustrial atuação técnico agronegócio fundamental conhecimento saber relacionar produção agropecuário empreendedorismo gestão negócio atualização relação inovação tecnológico cooperação forma construtivo colaborativar trabalho equipe tomada decisão adoção senso investigativo visão sistêmico atividade processo capacidade comunicação argumentação autonomio proatividade lideranço respeito diversidade grupo trabalho resiliênciar frente problema organização responsabilidade visão crítico humanístico ética consciência relação resultado trabalho local ambiente trabalho empresa público privado atuar assistência técnico extensão rural pesquisa propriedade rural empresa consultoria agropecuário empresa comércio representação comercial produto agropecuário indústria insumo agropecuário indústria processamento produto origem animal vegetal agroindústrio cooperativa associação rural sugestão qualificação profissional certificação intermediário curso técnico considerar ocupação prever cbo assistente administrativo assistente gestão financeiro pessoa supervisor exploração agropecuário sugestão formação continuar curso especialização técnico póstécnico especialização técnico agricultura familiar especialização técnico comercialização logístico produção agrícolo especialização técnico gestão propriedade rural especialização técnico exportação produto agrícola sugestão verticalização curso graduação curso alto tecnologia bacharelar licenciaturar curso alto tecnologia agroecologia curso alto tecnologia gestão agronegócio curso alto tecnologia gestão comercial curso alto tecnologia gestão qualidade curso alto tecnologia gestão cooperativa bacharelar administração rural agroindustrial bacharelar administração rural bacharelar agronegócio bacharelar agronomia bacharelar ciência agrário bacharelar ciência agrícola bacharelar desenvolvimento rural sustentável agroecologia bacharelar engenharia agrícola bacharelar engenharia aquicultura bacharelar engenharia pesca bacharelar engenharia florestal bacharelar medicina veterinário bacharelar zootecnia licenciatura ciência agrícola licenciatura educação Campo ocupação ainda classificar
CNCT_175,CNCT,Técnico em Agropecuária,técnico agropecuária técnico agropecuária habilitar planejar organizar dirigir controlar produção agropecuário forma sustentável analisar característica econômico social ambiental elaborar projetar executar projeto produção agropecuário aplicar bom prática produção agropecuário bpa prestar assistência técnico assessorio estudo desenvolvimento projeto pesquisa tecnológico trabalho vistor perícia arbitramento consultor elaborar orçamento laur parecer relatório projeto inclusive incorporação novo tecnologia prestar assistência técnico área crédito rural agroindustrial topografia área rural impacto ambiental construção benfeitoria rural drenagem irrigação planejar organizar monitorar atividade exploração manejo solo mata floresta acordo característica alternativo otimização fator climático efeito crescimento desenvolvimento planta animal realizar produção muda semente propagação cultivo aberto proteger viveiro casa vegetação planejar organizar monitorar programa nutrição manejo alimentar projeto zootécnico planejar organizar monitorar processo aquisição preparo conservação armazenamento matéria primo produto agroindustrial orientar projeto recomposição florestal propriedade rural aplicar método programa melhoramento genético prestar assistência técnico aplicação comercialização manejo produto especializados insumo semente fertilizante defensivo pastagem concentrar sal mineral medicamento vacina interpretar análise solo aplicar fertilizante corretivo trato cultural selecionar aplicar método erradicação controle vetor praga doença planta daninho planejar acompanhar colheita póscolheita supervisionar armazenamento conservação comercialização industrialização produto agropecuário elaborar aplicar monitorar programa profilático higiênico sanitário produção animal vegetal agroindustrial emitir laudo documento classificação exercer fiscalização produto origem vegetal animal agroindustrial implantar gerenciar sistema controle qualidade produção agropecuário manejar animal categoria finalidade criação reprodução alimentação sanidade aplicar técnica bemestar animal produção agropecuário treinar conduzir equipe modalidade atuação profissional aplicar legislação pertinentes processo produtivo meio ambiente aplicar prática sustentável manejo conservação solo água identificar aplicar técnica mercadológico distribuição comercialização produto agropecuário animal executar gestão econômico financeiro produção agropecuário administrar gerenciar propriedade rural realizar procedimento desmembramento parcelamento incorporação imóvel rural operar manejar regular máquina implemento equipamento agrícola operar veículo aéreo remotamente pilotar equipamento precisão monitoramento remoto produção agropecuário atuação técnico agropecuária fundamental conhecimento saber relacionar produção agropecuário produção processamento alimento fitossanidade proteção ambiental atualização relação inovação tecnológico cooperação forma construtivo colaborativar trabalho equipe tomar decisão adoção senso investigativo visão sistêmico atividade processo capacidade comunicação argumentação autonomio proatividade lideranço respeito diversidade grupo trabalho resiliênciar frente problema organização responsabilidade visão crítico humanístico ética consciência relação impacto atuação profissional sociedade ambiente local ambiente trabalho empresa público privado atuar desenvolvimento solução tecnológico setor agropecuário instituição assistência técnico extensão rural pesquisa análise experimentação ensaio divulgação técnico agência defesa Sanitária propriedade rural empresa consultoria agropecuário empresa comércio representação comercial produto agropecuário indústria insumo agropecuário empresa máquina equipamento implemento agrícola indústria processamento produto origem animal vegetal agroindústrio cooperativa associação rural sugestão qualificação profissional certificação intermediário curso técnico considerar ocupação prever cbo agricultor familiar auxiliar agropecuária inseminador animal operador máquina agrícola trabalhador pecuária polivalente trabalhador pecuária animal grande porte trabalhador pecuária animal médio porte trabalhador avicultura cunicultura trabalhador criação inseto animal útil sugestão formação continuar curso especialização técnico póstécnico especialização técnico agricultura precisão especialização técnico beneficiamento processamento produto agrícola especialização técnico comercialização logístico produção agrícolo especialização técnico exportação produto agrícola especialização técnico manejo integrar praga doença planta espontâneo especialização técnico mecanização agrícolo especialização técnico olericulturar especialização técnico produção espécie frutífero especialização técnico produção grão especialização técnico póscolheita especialização técnico sistema produção integrar especialização técnico sistema produção vegetal agroecológico especialização técnico sistema produção animal monogástrico especialização técnico sistema produção animal ruminante especialização técnico sistema produção pequeno animal especialização técnico sistema produção orgânico animal ruminante especialização técnico sistema produção orgânico animal monogástrico especialização técnico sistema produção orgânico pequeno animal sugestão verticalização curso graduação curso alto tecnologia bacharelar licenciaturar curso alto tecnologia agroindústria curso alto tecnologia gestão agronegócio curso alto tecnologia alimento curso alto tecnologia aquicultura curso alto tecnologia horticultura curso alto tecnologia irrigação drenagem curso alto tecnologia laticínio curso alto tecnologia processamento carne curso alto tecnologia produção pesqueiro curso alto tecnologia viticultura enologia bacharelar administração rural agroindustrial bacharelar administração rural bacharelar agroecologia bacharelar agronegócio bacharelar agronomia bacharelar ciência agrário bacharelar ciência agrícola bacharelar desenvolvimento rural sustentável agroecologia bacharelar engenharia agrícola bacharelar engenharia aquicultura bacharelar engenharia pesca bacharelar medicina veterinário bacharelar zootecnia licenciatura ciência agrícola licenciatura educação Campo técnico agropecuário
CNCT_176,CNCT,Técnico em Apicultura,técnico apicultura técnico apicultura habilitar planejar organizar dirigir controlar produção criação sustentável abelha analisar característica econômico social ambiental elaborar executar projeto produção apícolo inclusive incorporação novo tecnologia incluir criação abelha nativo ferr realizar atividade implantação produção apícolo aquisição manutenção equipamento manejo flora apícolo prestar assistência técnico assessorio estudo desenvolvimento projeto pesquisa tecnológico consultoria prestar assistência técnico área crédito rural agroindustrial realizar produção intensivo artesanal controle qualidade identicação avaliação produção diferentes espécie abelha realizar criação abelha fim produção produto Apícolas alimentar cosmético farmacológico fim polinização preservação ambiental realizar produção propagação abelha nativo aplicar método programa reprodução melhoramento genético aplicar legislação pertinentes processo produtivo meio ambiente aplicar bom prática produção apícolo realizar beneciamento processamento mel própoli geleia Real produto atividade apícolo implantar gerenciar sistema controle qualidade produção apícolo elaborar aplicar monitorar programa profilático higiênico sanitário produção apícolo supervisionar armazenamento conservação comercialização industrialização produto Apícolas identificar aplicar técnica mercadológico distribuição comercialização produto Apícolas treinar conduzir equipe modalidade atuação profissional administrar gerenciar apiário agroindústrias produto Apícolas executar gestão econômico financeiro produção apícolo atuação técnico apicultura fundamental conhecimento saber relacionar sistema produção beneficiamento produto apícolas sistema gestãocomercialização apiário norma técnico segurança atualização relação inovação tecnológico cooperação forma construtivo colaborativar trabalho equipe tomar decisão adoção senso investigativo visão sistêmico atividade processo capacidade comunicação argumentação autonomio proatividade lideranço respeito diversidade grupo trabalho resiliênciar frente problema organização responsabilidade visão crítico humanístico ética consciência relação impacto atuação profissional sociedade ambiente local ambiente trabalho empresa público privado atuar desenvolvimento solução tecnológico setor apícolar instituição assistência técnico extensão rural pesquisa análise experimentação ensaio divulgação técnico apiário estabelecimento beneciamento processamento comercialização produto Apícolas cooperativa associação apícolas sugestão qualificação profissional certificação intermediário curso técnico considerar ocupação prever cbo apicultor produtor produto Apícolas trabalhador apicultura sugestão formação continuar curso especialização técnico póstécnico especialização técnico beneficiamento processamento produto Apícolas especialização técnico apicultura agroecológico especialização técnico controle qualidade produto Apícolas especialização técnico meliponicultura sugestão verticalização curso graduação curso alto tecnologia bacharelar licenciaturar curso alto tecnologia agroindústria curso alto tecnologia alimento bacharelar administração rural agroindustrial bacharelar agroecologia bacharelar agronomia bacharelar ciência biológico bacharelar desenvolvimento rural sustentável agroecologia bacharelar engenharia alimento bacharelar zootecnia licenciatura ciência biológico licenciatura educação campo apicultor
CNCT_177,CNCT,Técnico em Cafeicultura,técnico cafeicultura técnico cafeicultura habilitar planejar organizar dirigir controlar processo implantação condução sistema produtivo cafeeiro bem processo colheita processamento preparo póscolheita café prestar assistência técnico assessorio estudo desenvolvimento projeto pesquisa tecnológico trabalho vistoria consultor cadeia produtivo café elaborar orçamento laur parecer relatório projeto inclusive incorporação novo tecnologia aplicar legislação pertinentes processo produtivo meio ambiente identificar principal espécie cultivar café classificar beneficiar industrializar comercializar produto café empregar técnica produção semente muda cafeeiro realizar preparo mecânico manual solo implantação lavoura Cafeeira aplicar prática sustentável manejo conservação solo água recomendar aplicar processo adubação correção conservação solo cultura café identificar processo simbiótico absorção translocação efeito alelopático solo plantar planejar ação referente trato cultura efetuar trato cultural todo estágio desenvolvimento cultura identificar promover manejo integrar praga doença planta espontâneo executar levantamento topográfico projeto geoprocessamento conduzir preparo área definir sistema cultivo manejo dimensionar sistema selecionar manejar projeto irrigação cultura café dominar procedimento coleta amostra solo folha analisar interpretar resultado laboratorial planejar manutenção máquina equipamento agrícola operálo treinar conduzir equipe modalidade atuação profissional aplicar bom prática produção agrícola bpa orientar ação necessário colheita processamento beneficiamento armazenamento café implantar gerenciar sistema controle qualidade produção cafeeiro responsabilizarse implantação cafezal acompanhar desenvolvimento fase produtivo emitir respectivo certificado origem qualidade produto supervisionar sistema certificação rastreabilidade cultura café administrar propriedade cafeeira executar planejar gestão financeiro propriedade Cafeeira orientar gestão risco relacionar comercialização café prestar assistência técnico área crédito rural agroindustrial desenvolver projeto agroecológico cultura café dominar procedimento classificação degustação café atuação técnico cafeicultura fundamental conhecimento saber relacionar produção cafeeiro atualização relação inovação tecnológico cooperação forma construtivo colaborativar trabalho equipe tomada decisão adoção senso investigativo visão sistêmico atividade processo capacidade comunicação argumentação autonomio proatividade lideranço respeito diversidade grupo trabalho resiliênciar frente problema organização responsabilidade visão crítico humanístico ética consciência relação impacto atuação profissional sociedade ambiente local ambiente trabalho empresa público privado atuar desenvolvimento solução tecnológico setor cafeeiro instituição assistência técnico extensão rural pesquisa análise experimentação ensaio divulgação técnico propriedade rural empresa consultoria empresa produto insumo agrícola empresa comércio café certificadora café orgânico convencional empresa beneficiamento industrialização café agroindústria cooperativa associação rural sugestão qualificação profissional certificação intermediário curso técnico considerar ocupação prever cbo assistente processo produtivo café cafeicultor degustador café trabalhador cultura café sugestão formação continuar curso especialização técnico póstécnico especialização técnico comercialização logístico produção agrícolo especialização técnico exportação produto agrícola especialização técnico formação barista especialização técnico póscolheita especialização técnico produtor café Gourmet especialização técnico sistema produção vegetal agroecológico sugestão verticalização curso graduação curso alto tecnologia bacharelar licenciaturar curso alto tecnologia gestão agronegócio curso alto tecnologia cafeicultura curso alto tecnologia irrigação drenagem bacharelar administração rural agroindustrial bacharelar administração rural bacharelar agroecologia bacharelar agronegócio bacharelar agronomia bacharelar ciência agrário bacharelar ciência agrícola bacharelar desenvolvimento rural sustentável agroecologia bacharelar engenharia agrícola licenciatura ciência agrícola licenciatura educação Campo técnico agrícolar técnico alimento
CNCT_178,CNCT,Técnico em Fruticultura,técnico fruticultura técnico fruticultura habilitar planejar organizar dirigir controlar processo implantação condução sistema produtivo planta frutífero forma sustentável aplicar bom prática produção agrícola bpa supervisionar colheita póscolheita fruta bem executar etapa processo produtivo desde produção semente mur póscolheita controle qualidade processo produção fruta serviço manutenção instalação prestar assistência técnico assessorio estudo desenvolvimento projeto pesquisa tecnológico trabalho vistoria consultor cadeia produtivo fruta elaborar orçamento laur parecer relatório projeto inclusive incorporação novo tecnologia aplicar método programa melhoramento genético prestar assistência técnico aplicação comercialização manejo produto especializados recomendação interpretação análise solo aplicação fertilizante corretivo trato cultura identificar processo simbiótico absorção translocação efeito alelopático solo plantar planejar ação referente trato cultura realizar preparo mecânico manual solo implantação cultura aplicar prática sustentável manejo conservação solo água recomendar aplicar processo adubação correção conservação solo aplicar legislação pertinentes processo produtivo meio ambiente executar levantamento topográfico projeto geoprocessamento conduzir preparo área definir sistema cultivo manejo dimensionar sistema selecionar manejar projeto irrigação efetuar trato cultural todo estágio desenvolvimento espécie frutífero identificar promover manejo integrar praga doença planta espontâneo dominar procedimento coleta amostra solo folho fruto analisar interpretar resultado laboratorial planejar manutenção máquina equipamento agrícola operálo orientar ação necessário colheito póscolheito armazenamento conservação processamento beneficiamento comercialização fruta elaborar aplicar monitorar programa profilático higiênico sanitário produção vegetal agroindustrial emitir laudo documento classificação exercer fiscalização gerência sistema controle qualidade produção agrícola fruta responsabilizarse implantação pomar acompanhar desenvolvimento fase produtivo emitir respectivo certificado origem qualidade produto treinar conduzir equipe modalidade atuação profissional administrar executar planejamento gestão financeiro propriedade agrícola orientar gestão risco relacionar comercialização fruta prestar assistência técnico área crédito rural agroindustrial paisagismo construção benfeitoria rural drenagem irrigação supervisionar sistema certificação rastreabilidade fruta realizar prática convencional técnica produção orgânico cultivo fruta operar veículo aéreo remotamente pilotar equipamento precisão monitoramento remoto produção agrícola atuação técnico fruticultura fundamental conhecimento saber relacionar produção espécie frutífero atualização relação inovação tecnológico cooperação forma construtivo colaborativar trabalho equipe tomar decisão adoção senso investigativo visão sistêmico atividade processo capacidade comunicação argumentação autonomio proatividade lideranço respeito diversidade grupo trabalho resiliênciar frente problema organização responsabilidade visão crítico humanístico ética consciência relação impacto atuação profissional sociedade ambiente local ambiente trabalho empresa público privado atuar desenvolvimento solução tecnológico setor produção fruta instituição assistência técnico extensão rural pesquisa análise experimentação ensaio divulgação técnico propriedade rural empresa consultoria empresa produto insumo agrícola empresa comércio fruta certificadora empresa exportação fruta agroindústrio cooperativa associação rural sugestão qualificação profissional certificação intermediário curso técnico considerar ocupação prever cbo assistente controle produção produtor árvore frutífero produtor espécie frutífero rasteiro produtor espécie frutífero trepadeiro sugestão formação continuar curso especialização técnico póstécnico especialização técnico beneficiamento processamento produto agrícola especialização técnico comercialização logístico produção agrícolo especialização técnico exportação produto agrícola especialização técnico fitossanidade especialização técnico fruticultura irrigar especialização técnico póscolheita especialização técnico produção orgânico fruta especialização técnico sistema produção vegetal agroecológico sugestão verticalização curso graduação curso alto tecnologia bacharelar licenciaturar curso alto tecnologia agroindústria curso alto tecnologia alimento curso alto tecnologia cafeicultura curso alto tecnologia fruticultura curso alto tecnologia gestão agronegócio curso alto tecnologia irrigação drenagem curso alto tecnologia produção cacau chocolate curso alto tecnologia viticultura enologia bacharelar administração rural agroindustrial bacharelar administração rural bacharelar agroecologia bacharelar agronegócio bacharelar agronomia bacharelar ciência agrário bacharelar ciência agrícola bacharelar desenvolvimento rural sustentável agroecologia bacharelar engenharia agrícola licenciatura ciência agrícola licenciatura educação Campo técnico agrícolar técnico alimento
CNCT_179,CNCT,Técnico em Zootecnia,técnico zootecnia técnico zootecnia habilitar planejar organizar dirigir controlar produção criação sustentável animal doméstico silvestr analisar característica econômico social ambiental elaborar projetar executar projeto produção pecuário inclusive incorporação novo tecnologia prestar assistência técnico assessorio estudo desenvolvimento projeto pesquisa tecnológico consultoria prestar assistência técnico área crédito rural planejar organizar monitorar atividade produção animal processo aquisição preparo conservação armazenamento matéria prima produto pecuário planejar organizar monitorar programa nutrição manejo alimentar projeto zootécnico elaborar aplicar monitorar programa manejo preventivo higiênico sanitário nutricional reprodução animal realizar procedimento inseminação artificial animal aplicar método programa reprodução animal melhoramento genético implantar realizar manejo pastagem aplicar procedimento relativo preparo conservação solo água realizar monitorar produção silagem forragem aplicar técnica bemestar animal produção pecuário projetar instalação zootécnico prestar assistência técnico aplicação comercialização manejo produto especializados semente fertilizante defensivo pastagem concentrar sal mineral medicamento vacina elaborar aplicar monitorar programa profilático higiênico sanitário produção animal emitir laudo documento classificação exercer fiscalização produto origem animal implantar gerenciar sistema controle qualidade produção pecuário supervisionar armazenamento conservação comercialização industrialização produto pecuário treinar conduzir equipe modalidade atuação profissional aplicar legislação pertinentes processo produtivo meio ambiente aplicar prática sustentável manejo conservação solo água identificar aplicar técnica mercadológico distribuição comercialização produto pecuário animal executar gestão econômico financeiro produção pecuário administrar gerenciar propriedade rural operar manejar máquina implemento equipamento veículo aéreo remotamente pilotar equipamento precisão monitoramento remoto produção pecuário atuação técnico zootecnia fundamental conhecimento saber relacionar produção pecuário produção processamento alimento origem animal atualização relação inovação tecnológico cooperação forma construtivo colaborativar trabalho equipe tomar decisão adoção senso investigativo visão sistêmico atividade processo capacidade comunicação argumentação autonomio proatividade lideranço respeito diversidade grupo trabalho resiliênciar frente problema organização responsabilidade visão crítico humanístico ética consciência relação impacto atuação profissional sociedade ambiente local ambiente trabalho empresa público privado atuar desenvolvimento solução tecnológico setor pecuário instituição assistência técnico extensão rural pesquisa análise experimentação ensaio divulgação técnico agência defesa Sanitária propriedade rural empresa consultoria pecuária empresa comércio representação comercial produto agropecuário indústria insumo agropecuário empresa nutrição reprodução animal cooperativa agropecuário associação rural sugestão qualificação profissional certificação intermediário curso técnico considerar ocupação prever cbo auxiliar agropecuária cuidador animal silvestr inseminador animal trabalhador pecuária polivalente trabalhador pecuária animal grande porte trabalhador pecuária animal médio porte trabalhador avicultura cunicultura tratador animal sugestão formação continuar curso especialização técnico póstécnico especialização técnico beneficiamento processamento produto origem animal especialização técnico comercialização logístico produção agrícolo especialização técnico exportação produto agrícola especialização técnico sistema produção animal monogástrico especialização técnico sistema produção animal ruminante especialização técnico sistema produção pequeno animal especialização técnico sistema produção orgânico animal ruminante especialização técnico sistema produção orgânico animal monogástrico especialização técnico sistema produção orgânico pequeno animal sugestão verticalização curso graduação curso alto tecnologia bacharelar licenciaturar curso alto tecnologia agroindústria curso alto tecnologia alimento curso alto tecnologia gestão agronegócio curso alto tecnologia aquicultura curso alto tecnologia laticínio curso alto tecnologia processamento carne curso alto tecnologia produção pesqueiro bacharelar administração rural agroindustrial bacharelar administração rural bacharelar agroecologia bacharelar agronegócio bacharelar agronomia bacharelar ciência agrário bacharelar ciência agrícola bacharelar ciência biológico bacharelar desenvolvimento rural sustentável agroecologia bacharelar engenharia aquicultura bacharelar engenharia pesca bacharelar medicina veterinário bacharelar zootecnia licenciatura ciência agrícola licenciatura ciência biológico licenciatura educação Campo técnico pecuária
CNCT_180,CNCT,Técnico em Florestas,técnico floresta técnico floresta habilitar planejar organizar dirigir controlar atividade preservação implantação conservação utilização floresta produto origem florestal analisar característica econômico social ambiental prestar assistência técnico assessorio estudo desenvolvimento projeto pesquisa tecnológico trabalho vistor perícia arbitramento consultor elaborar orçamento laur parecer relatório projeto inclusive incorporação novo tecnologia prestar assistência técnico área crédito rural fomento florestal planejar organizar monitorar atividade exploração manejo solo mata floresta acordo característica alternativo otimização fator climático efeito crescimento desenvolvimento planta animal propagação cultivo aberto proteger viveiro casa vegetação aplicar método programa melhoramento genético florestal prestar assistência técnico aplicação comercialização manejo produto especializados recomendação interpretação análise solo aplicação fertilizante corretivo trato cultural identificar processo simbiótico absorção translocação efeito alelopático solo plantar planejar ação referente trato cultura selecionar aplicar método erradicação controle vetor praga doença planta daninho supervisionar execução atividade florestal construção viveiro florestal produção muda colheita florestal extração beneficiamento madeira manejo floresta nativo comercialização supervisionar armazenamento conservação comercialização industrialização produto origem florestal emitir laudo documento classificação exercer fiscalização produto origem florestal executar processo produção manejo sustentável industrialização recurso origem florestal orientar prática florestal pequeno impacto ambiental aplicar legislação pertinentes processo produtivo meio ambiente aplicar prática sustentável manejo conservação solo água orientar planejar projeto recomposição florestal propriedade rural supervisionar atividade coleta dado dentro povoamento florestal fim elaboração inventário florestal utilizar equipamento reconhecer método utilizar medição árvore campo aplicação inventário florestal realizar coleta identificação conservação semente florestal conhecer principal produto florestal derivar Madeira administrar unidade conservação produção florestal fiscalizar monitorar fauna flora silvestr realizar identificação botânico espécie florestal elaborar projetar executar projeto arborização urbano jardim treinar conduzir equipe modalidade atuação profissional identificar aplicar técnica mercadológico distribuição comercialização produto florestal executar gestão econômico financeiro produção florestal administrar gerenciar propriedade produção florestal realizar procedimento desmembramento parcelamento incorporação imóvel rural analisar banco dado espacial realizar sensoriamento remoto utilizar máquina implemento específico atividade florestal utilizar equipamento programa fim topográfico georreferenciamento realizar levantamento coleta processamento análise dado através sistema navegação global satélite gnss atuação técnico floresta fundamental conhecimento saber relacionar produção florestal tecnologia madeira proteção ambiental atualização relação inovação tecnológico cooperação forma construtivo colaborativar trabalho equipe tomada decisão adoção senso investigativo visão sistêmico atividade processo capacidade comunicação argumentação autonomio proatividade lideranço respeito diversidade grupo trabalho resiliênciar frente problema organização responsabilidade visão crítico humanístico ética consciência relação impacto atuação profissional sociedade ambiente local ambiente trabalho empresa público privado atuar setor ambiental florestal instituição assistência técnico extensão rural pesquisa análise experimentação ensaio divulgação técnico agência defesa ambiental propriedade rural empresa consultoria florestal empresa comércio representação comercial produto florestal indústria insumo agrícola florestal empresa máquina equipamento implemento agrícola florestal indústria papel celulose indústria silvicultura exploração florestal cooperativa associação rural parque reserva natural sugestão qualificação profissional certificação intermediário curso técnico considerar ocupação prever cbo administrador empreendimento florestal base comunitário guia florestal operador máquina agrícola trabalhador produção muda semente trabalhador florestal polivalente viveirista florestal sugestão formação continuar curso especialização técnico póstécnico especialização técnico agricultura precisão especialização técnico beneficiamento processamento Madeira especialização técnico sistema produção integrar especialização técnico sistema produção vegetal agroecológico sugestão verticalização curso graduação curso alto tecnologia bacharelar licenciaturar curso alto tecnologia agroecologia curso alto tecnologia agrocomputação curso alto tecnologia geoprocessamento curso alto tecnologia gestão ambiental curso alto tecnologia silvicultura bacharelar agroecologia bacharelar agronomia bacharelar ciência agrário bacharelar desenvolvimento rural sustentável agroecologia bacharelar engenharia florestal bacharelar engenharia industrial madeireira licenciatura educação Campo técnico florestal técnico madeira
CNCT_181,CNCT,Técnico em Defesa Civil,técnico defesa civil técnico defesa civil habilitar gerenciar risco desastr realizar monitoramento preventivo desastr monitorar mudança climática alerta emergência sistema informação geográfico coordenar forma estratégico secretaria entidade órgão poder público privado ong planejar reunião núcleo comunitário proteção defesa civil orientar mobilizar comunidade adotar comportamento adequar prevenção preparação resposto recuperação situação evento adversosdesastr promover autoproteção promover coordenar ação recuperação evento adversosdesastr promover política público redução risco evento adversosdesastr estimular desenvolvimento cidade resiliente processo sustentável urbanização produzir alerta antecipar possibilitar mecanismo comunicação base monitoramento sobre possibilidade ocorrência evento adverso ear desastr natural oferecer capacitação recurso humano ação proteção defesa civil elaborar plano contingência proteção defesa civil elaborar parecer relatório plano projeto realizar pesquisa estudo análises interpretação planejamento implantação coordenação controle trabalho proteção defesa civil atuação técnico defesa civil fundamental proficiência conhecimento estratégico tático operacional conhecimento saber relacionar processo projeto planejamento gestão tanto setor público quanto privado situação evento adverso possível desastr origem natural tecnológico conhecimento técnico interpretar monitorar gerenciar condição geológico meteorológico climatológico epidemiológico outro condição fortuito ligar condição meio ambiente natureza ambiente antropizado capacidade assegurar saúde segurança cidadão sustentabilidade desenvolvimento urbano conhecimento saber relacionar norma técnico liderança equipe solução problema técnico trabalhista gestão conflito local ambiente trabalho órgão agência proteção defesa civil serviço meteorologia atividade monitoramento pesquisa meteorológico hidrológico climatológico instituição ensino porto ferrovia seguradora instituição órgão público empresa privado sugestão qualificação profissional certificação intermediário curso técnico considerar ocupação prever cbo bombeiro civil sugestão formação continuar curso especialização técnico póstécnico especialização técnico projetista cad especialização técnico geoprocessamento especialização técnico sensoriamento remoto especialização técnico topografia especialização técnico orçamentação obra público especialização técnico licitação obra público especialização técnico sistema comando operação especialização técnico gestão ambiental especialização técnico gestão negócio especialização técnico logística humanitário sugestão verticalização curso graduação curso alto tecnologia bacharelar licenciaturar curso alto tecnologia gestão público curso alto tecnologia gestão segurança privado curso alto tecnologia segurança público curso alto tecnologia saneamento ambiental curso alto tecnologia logística bacharelar serviço social bacharelar psicologia bacharelar administração bacharelar engenharia civil bacharelar engenharia segurança trabalho bacharelar arquitetura bacharelar engenharia sanitário ambiental técnico segurança trabalho gerente risco seguro
CNCT_182,CNCT,Técnico em Prevenção e Combate a Incêndio,técnico prevenção combater incêndio técnico prevenção combater incêndio habilitar executar atividade prevenção controle incêndio atendimento emergência resgate técnico produto perigoso ambiental atendimento préhospitalar emergência médico analisar situação poder oferecer risco vida interpretar projeto proteção contra incêndio analisar implementar plano emergência elaborar procedimento abandono área realizar atendimento primeiro socorro eou atendimento préhospitalar emergência médico selecionar inspecionar operar equipamento recurso material empregado atendimento emergência realizar atendimento prevenção controle especializar incêndio realizar atendimento resgate técnico realizar atendimento emergência produto perigoso analisar principal potencial dano ambiental consequência acidente eou incêndio analisar principal potencial perda propriedade consequência acidente eou incêndio elaborar procedimento operacional empregar padrão atendimento emergência elaborar procedimento administrativo elaboração relatório gestão pessoa implantar coordenar brigada incêndio emergência realizar atividade ensino educação continuar atuação técnico prevenção combater incêndio fundamental conhecimento saber relacionar processo produtivo ramo atividade atuação conhecimento norma técnico regulamentadora relativo atividader conhecimento código lei estadual municipal relativo atividader liderança gestão equipe conhecimento saber relacionar gestão documento conhecimento saber relacionar uso equipamento prevenção combate incêndio resgate primeiro socorro local ambiente trabalho organização privado público diverso ramos atividade condomínio residencial condomínio comercial parque natural área preservação ambiental agricultura indústria hospital comércio construção civil porto aeroporto central logística instituição ensino empresa prestação serviço sugestão qualificação profissional certificação intermediário curso técnico considerar ocupação prever cbo bombeiro civil sugestão formação continuar curso especialização técnico póstécnico especialização técnico bombeiro civil público especialização técnico bombeiro industrial especialização técnico bombeiro marítimo instalação portuário especialização técnico bombeiro aeródromo especialização técnico bombeiro florestal especialização técnico bombeiro operador resgate técnico especialização técnico bombeiro operador emergência produto perigoso especialização técnico bombeiro motorista operador viatura emergência especialização técnico instrutor bombeiro especialização técnico chefe bombeiro sugestão verticalização curso graduação curso alto tecnologia bacharelar licenciaturar curso alto tecnologia prevenção combater incêndio emergência bacharelar enfermagem bacharelar medicina bacharelar engenharia químico bacharelar engenharia ambiental sanitária bacharelar engenharia civil bacharelar engenharia elétrico bacharelar engenharia mecânico bacharelar engenharia produção bacharelar arquitetura bombeiro aeródromo bombeiro civil supervisor bombeiro
CNCT_183,CNCT,Técnico em Segurança do Trabalho,técnico segurança trabalho técnico segurança trabalho habilitar elaborar implementar política saúde trabalho identificar variável controle ação educativo prevenção manutenção qualidade vida trabalhador desenvolver ação educativo área saúde segurança trabalho investigar analisar recomendar medida prevenção controle acidente realizar estudo relação ocupação espaço físico condição necessário promover saúde proteger integridade trabalhador local atuação analisar método processo laboral identificar fator risco acidente trabalho doença profissional trabalho presença agente ambiental agressivo trabalhador realizar procedimento orientação sobre medida eliminação neutralização risco elaborar procedimento acordo natureza empresa promover programa evento capacitação prevenção risco ambiental divulgar norma procedimento segurança higiene ocupacional indicar solicitar inspecionar equipamento proteção coletivo individual contra incêndio levantar utilizar dado estatístico doença acidente trabalho ajuste ação prevencionisto produzir relatório referente segurança saúde trabalhador atuação técnico segurança trabalho fundamental conhecimento saber relacionar processo produtivo ramo atividade atuação conhecimento norma técnico regulamentadora liderança gestão equipe conhecimento saber relacionar gestão documento conhecimento saber relacionar uso instrumento higiene ocupacional local ambiente trabalho organização privado público diverso ramos atividade indústria hospital comércio construção civil porto aeroporto central logística instituição ensino unidade fabricação representação equipamento segurança empresa consultoria capacitação segurança trabalho sugestão qualificação profissional certificação intermediário curso técnico considerar ocupação prever cbo agente observação segurança auxiliar técnico segurança trabalho sugestão formação continuar curso especialização técnico póstécnico especialização técnico higiene ocupacional especialização técnico ergonomia especialização técnico prevenção combater incêndio especialização técnico segurança trabalho construção civil especialização técnico segurança trabalho petróleo gás sugestão verticalização curso graduação curso alto tecnologia bacharelar licenciaturar curso alto tecnologia segurança trabalho bacharelar engenharia civil bacharelar engenharia elétrico bacharelar engenharia mecânico bacharelar engenharia produção bacharelar engenharia químico bacharelar engenharia ambiental sanitária bacharelar arquitetura supervisor segurança trabalho técnico segurança trabalho técnico higiene ocupacional técnico meio ambiente segurança saúde técnico segurança industrial
CNCT_184,CNCT,Técnico em Hospedagem,técnico hospedagem técnico hospedagem habilitar realizar atividade recepção reservo governança mensagerio mordomia conciergerie meio hospedagem prestar serviço atendimento suporte hóspede divulgar serviço hospedagem produto turístico supervisionar manutenção equipamento estrutura físico acompanhar orientar procedimento higienização controle arrumação unidade habitacional espaço estabelecimento auxiliar operacionalização evento serviço alimento bebida articular necessidade hóspede fornecedor cliente atuação técnico hospedagem fundamental conhecimento multidisciplinar sobre aspecto geográfico histórico turístico região bem conhecimento técnico sobre hospitalidade classificação estruturar norma procedimento meio hospedagem sistema operacional comunicação claro cordial respeito diversidade atenção sustentabilidade trabalho colaborativo proatividade flexibilidade solução problema conflito local ambiente trabalho hotel resort pousada motel hostels cruzeiro embarcação turístico flat condomínio residencial empreendimento hospedagem compartilhar acampamento estabelecimento saúde parque temático plataforma petróleo trem shoppings sugestão qualificação profissional certificação intermediário curso técnico considerar ocupação prever cbo recepcionista meio hospedagem camareirar meio hospedagem sugestão formação continuar curso especialização técnico póstécnico especialização técnico hospedagem ambiente hospitalar sugestão verticalização curso graduação curso alto tecnologia bacharelar licenciaturar curso alto tecnologia hotelaria curso alto tecnologia gestão turismo bacharelar hotelaria bacharelar turismo recepcionista hotel governanta hotelaria mordomo hotelaria
CNCT_185,CNCT,Técnico em Eventos,técnico evento técnico evento habilitar prospectar planejar evento acordo públicoalvo necessidade cliente mercado promover ação comercialização divulgação relacionar evento coordenar realizar execução evento montagem decoração serviço técnico logístico operacional apoiar planejamento operação serviço alimento bebida realizar procedimento cerimonial protocolo coordenar recepção evento realizar pósevento atuação técnico evento fundamental conhecimento multidisciplinar sobre aspecto sociocultural econômico local onde realizar evento bem conhecimento técnico sobre classificação tipologia evento hospitalidader sistema realização evento além legislação visar garantir integridade segurança participante comunicação claro cordial respeito diversidade atitude empreendedor trabalho colaborativo atenção sustentabilidade proatividade criatividade flexibilidade solução problema gestão conflito local ambiente trabalho empresa evento cerimonial meio hospedagem clube social esportivo órgão público entidade privado cruzeiro embarcação turístico restaurante bufês outro espaço evento sugestão qualificação profissional certificação intermediário curso técnico considerar ocupação prever cbo recepcionista evento organizador evento sugestão formação continuar curso especialização técnico póstécnico especialização técnico organização evento corporativo especialização técnico organização evento cultural especialização técnico cerimonial social sugestão verticalização curso graduação curso alto tecnologia bacharelar licenciaturar curso alto tecnologia evento curso alto tecnologia gestão turismo curso alto tecnologia hotelaria bacharelar turismo bacharelar hotelaria organizador evento cerimonialista
CNCT_186,CNCT,Técnico em Agenciamento de Viagem,técnico agenciamento viagem técnico agenciamento viagem habilitar planejar organizar customizar roteiro serviço turístico prestar serviço consultoria sobre viagem fornecer informação sobre atrativo destino turístico realizar reserva intermediar contratação comercialização serviço transporte hospedagem locação veículo seguro viagem guiamento ingresso atração turístico entretenimento alimentação auxiliar receptivo turístico prestar assistência viajante orientar sobre documentação viagem cotação cambial procedimento embarque desembarque desenvolver atividade pósvenda executar demais atividade administrativo relacionar função atuação técnico agenciamento viagem fundamental conhecimento multidisciplinar relacionar aspecto sociocultural histórico geográfico legal econômico financeiro bem conhecimento técnico sobre produto serviço tecnologia pertinente operação turístico comunicação claro cordial respeito diversidade atenção sustentabilidade atitude empreendedor trabalho colaborativo inovação criatividade flexibilidade solução problema gestão conflito local ambiente trabalho agência viagem operadora turístico agência intercâmbio agência câmbio empresa ecommerce área turismo transportadora cruzeiro embarcação turístico grupo empresa corporativo entidade privado órgão público sugestão qualificação profissional certificação intermediário curso técnico considerar ocupação prever cbo agente viagem agente informação turístico sugestão formação continuar curso especialização técnico póstécnico especialização técnico viagem nacional especialização técnico viagem internacional especialização técnico turismo corporativo especialização técnico agenciamento viagem onliner sugestão verticalização curso graduação curso alto tecnologia bacharelar licenciaturar curso alto tecnologia gestão turismo bacharelar turismo operador turismo agente reserva supervisor operação turístico agente viagem
CNCT_187,CNCT,Técnico em Guia de Turismo,técnico guia turismo técnico guia turismo habilitar planejar organizar execução roteiro itinerário turístico conduzir orientar visitante realização traslado passeio visita viagem prestar informação turístico contexto local regional nacional intermediar relação visitante comunidade prestador serviço turístico prestar assistência visitante durante realização roteiro itinerário turístico atuação técnico guia turismo fundamental conhecimento multidisciplinar sobre aspecto sociocultural histórico ambiental geográfico legal econômico relacionar roteiro itinerário turístico programar bem conhecimento técnico relacionar operação turístico marketing pessoal idioma comunicação claro empáticar respeito diversidade atenção sustentabilidade produto atrativo destino turístico atitude empreendedor proatividade tomada decisão tático operacional relacionar atividader criatividade flexibilidade solução problema conflito local ambiente trabalho agência viagem operadora turístico museu centro cultural parque natural temático organização público privado segmento turismo transportadora turístico atividade autônoma sugestão qualificação profissional certificação intermediário curso técnico considerar ocupação prever cbo identificar sugestão formação continuar curso especialização técnico póstécnico especialização técnico guia atrativo turístico natural especialização técnico guia atrativo turístico cultural especialização técnico guia excursão internacional sugestão verticalização curso graduação curso alto tecnologia bacharelar licenciaturar curso alto tecnologia gestão turismo bacharelar turismo guia turismo
CNCT_188,CNCT,Técnico em Lazer,técnico lazer técnico lazer habilitar planejar atividade programação lazer fim recreativo cultural pedagógico acordo públicoalvo recurso espaço disponível organizar realizar atividade lazer recreação acordo necessidade público aplicar técnica recreação promoção diversão lazer qualidade vida entretenimento atuação técnico lazer fundamental conhecimento relacionar aspecto sociocultural bem conhecimento técnico sobre hospitalidade atividade lazer recreação programação cultural esportiva fim lúdico qual buscar garantir bemestar integridade segurança público comunicação claro cordial atuação forma empático respeito diversidade trabalho colaborativo proatividade criatividade flexibilidade solução problema gestão conflito local ambiente trabalho meio hospedagem restaurante clube brinquedoteca buffet espaço realização evento festa empresa evento parque temático diversão aquático cruzeiro marítimo espaço público lazer espaço cultural shoppings acampamento espaço jogo eletrônico estabelecimento saúde instituição ensino público privar terceiro setor sugestão qualificação profissional certificação intermediário curso técnico considerar ocupação prever cbo recreador monitor atividade lazerrecreação sugestão formação continuar curso especialização técnico póstécnico sugestão verticalização curso graduação curso alto tecnologia bacharelar licenciaturar curso alto tecnologia gestão desportivo lazer curso alto tecnologia evento curso alto tecnologia gestão turismo curso alto tecnologia hotelaria bacharelar hotelaria bacharelar turismo recreador
CNCT_189,CNCT,Técnico em Gastronomia,técnico gastronomia técnico gastronomia habilitar coordenar organização preparação ambiente trabalho cozinha monitorar recebimento entrada saída armazenamento mercadoria estoque supervisionar prépreparo aplicação técnica corte cocção alimento preparar finalizar produção gastronômico produzir executar ficha técnico operacional produção gastronômico colaborar elaboração revisão cardápio intermediar relação equipe cozinha salão bar além auxiliar coordenação equipe cozinha atuação técnico gastronomia fundamental conhecimento multidisciplinar sobre aspecto sociocultural econômico relacionar gastronomia bem conhecimento técnico sobre utensílio equipamento técnica preparação alimento conhecimento sobre prática sustentável manejo resíduo sobre cumprimento legislação relacionar produção segurança alimento trabalho colaborativo comunicação claro comprometimento sustentabilidade atitude empreendedor proatividade criatividade flexibilidade solução problema situação imprevisto local ambiente trabalho restaurante lanchonete bar evento catering cozinha industrial meio hospedagem cruzeiro marítimo embarcação turístico demais estabelecimento ofertar refeição sugestão qualificação profissional certificação intermediário curso técnico considerar ocupação prever cbo auxiliar cozinha cozinheiro sugestão formação continuar curso especialização técnico póstécnico especialização técnico cozinha brasileiro especialização técnico cozinha internacional especialização técnico harmonização alimento bebida sugestão verticalização curso graduação curso alto tecnologia bacharelar licenciaturar curso alto tecnologia gastronomia bacharelar gastronomia cozinheiro geral
CNCT_190,CNCT,Técnico em Serviços de Restaurante e Bar,técnico serviço restaurante bar técnico serviço restaurante bar habilitar supervisionar serviço alimento bebida salão bar evento coordenar atendimento cliente estabelecimento evento coordenar equipe serviço salão bar aplicar controles operacional relação venda equipamento utensílio manutenção infraestrutura monitorar recebimento entrada saída armazenamento mercadoria estoque colaborar elaboração revisão cardápio atuação técnico serviço restaurante bar fundamental conhecimento técnico relacionar tipologia serviço evento tipo utensílio equipamento organização espaço diferenciação bebida legislação aplicar estabelecimento alimentação comunicação claro cordial trabalho colaborativo liderança equipe atenção sustentabilidade proatividade flexibilidade solução problema gestão conflito local ambiente trabalho bar restaurante demais estabelecimento serviço setor alimento bebida cruzeiro marítimo embarcação turístico meio hospedagem sugestão qualificação profissional certificação intermediário curso técnico considerar ocupação prever cbo auxiliar Garçom Cumim garçom sugestão formação continuar curso especialização técnico póstécnico especialização técnico preparo serviço bebida especialização técnico harmonização alimento bebida sugestão verticalização curso graduação curso alto tecnologia bacharelar licenciaturar curso alto tecnologia gastronomia bacharelar gastronomia curso alto tecnologia hotelaria curso alto tecnologia evento bacharelar hotelaria chefe bar maître cumim garçom
CNCT_191,CNCT,Técnico em Bombeiro Aeronáutico,técnico bombeiro aeronáutico técnico bombeiro aeronáutico habilitar executar atividade operacional prevenção salvamento combater incêndio Aeródromos Centro lançamento foguete edificação utilizar técnica aplicação agente extintor gerenciar comandar equipe bombeiro outro profissional situação emergência acordo padrão estabelecer legislação nacional internacional específico executar procedimento aplicável ocorrência produto perigoso atuar formação bombeiro formação brigada incêndio identificar característica aeronave militar civil elaborar plano prevenção salvamento combater incêndio atuar inspeção técnico proteção contra incêndio controle estoque material executar procedimento atendimento préhospitalar aph salvamento altura ambiente confinado local ambiente trabalho militar ativo exclusivamente organização aeronáutica militar reserva outro profissional aeródromos civil empresa prestadora serviço prevenção salvamento combater incêndio curso prever sugestão qualificação profissional certificação intermediário curso técnico considerar ocupação prever cbo curso prever sugestão formação continuar curso especialização técnico póstécnico curso prever sugestão verticalização curso graduação curso alto tecnologia bacharelar licenciaturar bombeiro aeródromo
CNCT_192,CNCT,Técnico em Comunicações Aeronáuticas,técnico comunicação aeronáutico técnico comunicação aeronáutico habilitar operar manter sistema equipamento telecomunicação telemático acordo norma procedimento rígir permitir transmissão recepção informação terra voo garantir fluxo seguro eficiente voz dar sistema comunicação administrativo militar aerostático aeronáutico ênfase atividade tráfego aéreo segurança informação defesa aéreo realizar manutenção orgânico equipamento relacionar navegação aéreo guerra eletrônico informação aeronáutico meteorologia busca salvamento local ambiente trabalho militar ativo exclusivamente organização militar aeronáutica militar reserva outro profissional empresa telecomunicação infraestrutura aeroportuário público privar serviço informação aeronáutico tecnologia informação curso prever sugestão qualificação profissional certificação intermediário curso técnico considerar ocupação prever cbo sugestão formação continuar curso especialização técnico póstécnico especialização técnico padronização instrução sistema controle espaço aéreo brasileiro sisceabr sugestão verticalização curso graduação curso alto tecnologia bacharelar licenciaturar curso alto tecnologia comunicação aeronáutico curso alto tecnologia rede computador curso alto tecnologia segurança informação bacharelar ciência aeronáutico técnico rede telecomunicação técnico telecomunicação telefonia técnico transmissão técnico manutenção equipamento transmissão
CNCT_193,CNCT,Técnico em Controle de Tráfego Aéreo,técnico controle tráfego aéreo técnico controle tráfego aéreo habilitar acordo cada força realizar controle tráfego aeronave civil militar voo solo meio sistema radar radar atuar defesa aeroespacial Brasil controlar aeronave pouso decolagem efetuar manobra pista meio contato visual radar órgão controle localizar aeroporto portaavião realizar comunicação piloto meio frequência rádio controlar aeronave zona controle aproximação navio plataforma voo local ambiente trabalho militar ativo exclusivamente organização militar marinha Brasil aeronáutica militar reserva aeródromos aeroporto empresa plataforma voo curso prever sugestão qualificação profissional certificação intermediário curso técnico considerar ocupação prever cbo sugestão formação continuar curso especialização técnico póstécnico especialização técnico formação instrutor especialização técnico supervisor chefe sala órgão controle especialização técnico instrutor prático operacional especialização técnico supervisor equipe especialização técnico prática operacional especialização técnico sistema anticolisão bordo aca especialização técnico prática Real controle tráfego aéreo militar especialização técnico gerenciamento fluxo fmc sugestão verticalização curso graduação curso alto tecnologia bacharelar licenciatura ambiente externo marinhar curso alto tecnologia gerenciamento tráfego aéreo bacharelar ciência aeronáutico controlador tráfego aéreo
CNCT_194,CNCT,Técnico em Desenho Militar,técnico desenho militar técnico desenho militar habilitar executar interpretar desenho projeto área construção civil arquitetura infraestrutura aeronáutica pista máquina equipamento viatura peça confeccionar interpretar desenho projeto levantamento planimétrico altimétrico terreno basear rumo azimute caderneta topográfica elaborar desenho geométrico perspectivo gráfico estatístico geral utilizar software apropriar desenho uso computação gráfico criar confeccionar interpretar trabalho artístico ilustração diverso convencional digital local ambiente trabalho militar ativo exclusivamente organização militar aeronáutica militar reserva outro profissional empresa engenharia arquitetura público privar curso prever sugestão qualificação profissional certificação intermediário curso técnico considerar ocupação prever cbo curso prever sugestão formação continuar curso especialização técnico póstécnico sugestão verticalização curso graduação curso alto tecnologia bacharelar licenciaturar curso alto tecnologia construção edifício bacharelar engenharia civil bacharelar engenharia mecânico bacharelar arquitetura urbanismo desenhista projetistar construção civil desenhista técnico construção civil desenhista detalhistar
CNCT_195,CNCT,Técnico em Eletricidade e Instrumentos Aeronáuticos,técnico eletricidade instrumento aeronáutico técnico eletricidade instrumento aeronáutico habilitar executar serviço operação manutenção preventivo corretivo sistema aviônico aeronave oficina tal sistema elétrico sistema navegação comunicação sistema radar sistema controle tiro sistema sensor similar utilizarser interpretação análise diagrama esquemático circuito elétrico eletrônico aviônico operar equipamento apoio solo local ambiente trabalho militar ativo exclusivamente organização militar exército brasileiro aeronáutica militar reserva outro profissional empresa serviço aviação civil curso prever sugestão qualificação profissional certificação intermediário curso técnico considerar ocupação prever cbo sugestão formação continuar curso especialização técnico póstécnico especialização técnico mantenedor aeronave especialização técnico elevação nível eletricidade instrumento especialização técnico inspetor aeronave especialização técnico inspetor aviação manutenção especialização técnico apoio aviação especialização técnico mecânico aeronave cougar sugestão verticalização curso graduação curso alto tecnologia bacharelar licenciaturar curso alto tecnologia manutenção aeronave mecânico manutenção aeronave geral
CNCT_196,CNCT,Técnico em Equipamentos de Voo,técnico equipamento voo técnico equipamento voo habilitar executar inspecionar serviço técnico manutenção equipamento segurança salvamento sobrevivência preparar carga lançamento aéreo executar dobragem manutenção inspeção diverso tipo paraqueda manusear transportar armazenar equipamento segurança salvamento sobrevivência dentro regra segurança local ambiente trabalho militar ativo exclusivamente organização militar aeronáutica militar reserva outro profissional empresa aviação civil curso prever sugestão qualificação profissional certificação intermediário curso técnico considerar ocupação prever cbo sugestão formação continuar curso especialização técnico póstécnico especialização técnico atualização técnico mantenedor especialização técnico atualização técnico equipamento segurança sobrevivêncio salvamento sss especialização técnico inspetor equipamento segurança sobrevivêncio salvamento sss curso familiarização diverso aeronave fab sugestão verticalização curso graduação curso alto tecnologia bacharelar licenciaturar curso alto tecnologia gestão segurança público curso alto tecnologia gestão segurança privado bacharelar engenharia segurança trabalho agente segurança
CNCT_197,CNCT,Técnico em Estrutura e Pintura de Aeronaves,técnico estrutura pintura aeronave técnico estrutura pintura aeronave habilitar acordo cada força executar serviço estrutura pintura manipulação plástico material metálico aeronave componente moldar confeccionar gabarito fabricar peça metálico plástico similar reparar peça aeronave realizar reparo construção material compósito realizar ensaio destrutivo controle combate corrosão aplicação selante local ambiente trabalho militar ativo exclusivamente organização militar aeronáutica militar reserva empresa aéreo oficina manutenção aeronáutico indústria produto aeronáutico montadora aeronave escola centro instrução aviação empresa prestar serviço aéreo especializados aviação offshore agrícola outro curso prever sugestão qualificação profissional certificação intermediário curso técnico considerar ocupação prever cbo sugestão formação continuar curso especialização técnico póstécnico especialização técnico mantenedor especialização técnico inspetor especialização técnico ensaio destrutivo sugestão verticalização curso graduação curso alto tecnologia bacharelar licenciaturar curso alto tecnologia manutenção aeronave bacharelar engenharia aeronáutico chapeador aeronave montador estrutura aeronave
CNCT_198,CNCT,Técnico em Fotointeligência,técnico fotointeligência técnico fotointeligência habilitar participar planejamento briefings debriefings tripulante missão reconhecimento aéreo sensoriamento remoto vigilância aéreo patrulha guerra eletrônico coleta dado interesse militar analisar imagem diferentes tipo software processamento digital bem sistema informação geográfico analisar dado obter sensor acoplar sistema arma aeronave combate operar sensor aeroembarcar aeronave tripulada tripular atuar diretamente área inteligência operacional local ambiente trabalho militar ativo exclusivamente organização militar aeronáutica militar reserva outro profissional empresa sensoriamento remoto público privar curso prever sugestão qualificação profissional certificação intermediário curso técnico considerar ocupação prever cbo sugestão formação continuar curso especialização técnico póstécnico especialização técnico mantenedor especialização técnico inspetor especialização técnico ensaio destrutivo sugestão verticalização curso graduação curso alto tecnologia bacharelar licenciaturar curso alto tecnologia fotointeligência curso alto tecnologia geoprocessamento bacharelar engenharia cartográfico técnico geodésia cartografia
CNCT_199,CNCT,Técnico em Guarda e Segurança,técnico guarda segurança técnico guarda segurança habilitar acordo cada força executar serviço segurança instalação militar executar atividade implantação sistema vigilância operar equipamento comunicação dotar medida proteção eletrônico empregar doutrina infantaria aeronáutica ação força aéreo aplicar técnica procedimento autodefesa superfície instalação militar utilizar recurso polícia autodefês antiaéreo proteção força operação especial participar operação militar ajuda humanitário Brasil exterior local ambiente trabalho militar ativo exclusivamente organização militar marinha Brasil aeronáutica militar reserva empresa serviço segurança curso prever sugestão qualificação profissional certificação intermediário curso técnico considerar ocupação prever cbo sugestão formação continuar curso especialização técnico póstécnico ambiente externo marinho especialização técnico operação especial especialização técnico polícia aeronáutica autodefesa antiaéreo sugestão verticalização curso graduação curso alto tecnologia bacharelar licenciaturar curso alto tecnologia segurança público curso alto tecnologia segurança trabalho agente segurança
CNCT_200,CNCT,Técnico em Informações Aeronáuticas,técnico informação aeronáutico técnico informação aeronáutico habilitar executar atividade relativo serviço informação aeronáutico ter especificidade serviço estabelecer dentro área cobertura definir responsável fornecer informação dado aeronáutico necessário segurança operacional regularidade eficiência navegação aéreo aplicar norma recomendação organização aviação civil internacional oaci coleta disseminação informação aeronáutico manusear interpretar diverso tipo carta aeronáutico gerenciar todo informação envolver aviso aeronavegante local ambiente trabalho militar ativo área gerencial operacional capacitação segurança operacional militar reserva outro profissional área gerencial área operacional capacitação segurança operacional aeródromos aeroporto empresa plataforma voo curso prever sugestão qualificação profissional certificação intermediário curso técnico considerar ocupação prever cbo sugestão formação continuar curso especialização técnico póstécnico especialização técnico atualização informação aeronáutico al especialização técnico serviço informação aeronáutico al especialização técnico operação sistema automatizar al especialização técnico operação estação telecomunicação aeronáutico operação sala ais sugestão verticalização curso graduação curso alto tecnologia bacharelar licenciaturar bacharelar ciência aeronáutico agente segurança
CNCT_201,CNCT,Técnico em Material Bélico,técnico material bélico técnico material bélico habilitar acordo cada força executar procedimento técnico prestar suporte compor equipe multidisciplinar direcionar diversos tecnologia equipamento área bélico empregar meio militar executar serviço tripulante operacional metralhador aeronave manutenção pesquisa avaria reparo aferição equipamento bélico executar serviço artilheiro bordo aeronave manutenção pesquisa avaria reparo aferição equipamento bélico realizar instalação assento ejetável fab armar desarmar aeronave identificar prevenir corrosão item bélico realizar harmonização sistema tiro inventariar sistema lançamento carga aeronave combate armazenar manejar item bélico ativo controlandoosr meio sistema informatizar local ambiente trabalho militar ativo exclusivamente organização militar marinha Brasil aeronáutica militar reserva indústria material bélico curso prever sugestão qualificação profissional certificação intermediário curso técnico considerar ocupação prever cbo sugestão formação continuar curso especialização técnico póstécnico especialização técnico manipulação material demolição especialização técnico neutralização destruição artefato explosivo especialização técnico atualização mantenedor material bélico especialização técnico inspetor material bélico especialização manutenção assento ejetável aeronave combate especialização aeronave combate asa fixo asa rotativo sugestão verticalização curso graduação curso alto tecnologia bacharelar licenciatura ambiente externo marinhar curso alto tecnologia sistema arma encarregar manutenção elétrico veículo mecânico manutenção automóvel motocicleta veículo similar mecânico veículo automotor diesel exceto trator encarregar manutenção elétrico veículo
CNCT_202,CNCT,Técnico em Mecânica de Aeronaves ,técnico mecânica aeronave técnico mecânica aeronave habilitar atuar manutenção aeronave equipamento executar inspeção motor avião helicóptero seguinte sistema hélice hidráulica pneumático combustível comanr voo avião helicóptero radiocomunicação radionavegação combate corrosão conforme especificação norma técnico interpretar manual técnico diferente aeronave equipamento atuar mecânico voo exercer tarefa alinhar atividade estrutura pintura aeronave eletricidade instrumento aeronáutico local ambiente trabalho militar ativo setor manutenção aeronave parque material aeronáutico divisão esquadrão suprimento manutenção base aéreo esquadrão voo militar reserva outro profissional empresa aéreo oficina manutenção aeronáutico homologar anac aeroporto navio plataforma voo curso prever sugestão qualificação profissional certificação intermediário curso técnico considerar ocupação prever cbo sugestão formação continuar curso especialização técnico póstécnico especialização técnico elevação nível mantenedor especialização técnico atualização mantenedor especialização técnico inspetor manutenção aeronáutico sugestão verticalização curso graduação curso alto tecnologia bacharelar licenciaturar curso alto tecnologia gestão manutenção aeronáutico bacharelar engenharia aeronáutico bacharelar engenharia elétrico bacharelar ciência aeronáutico técnico mecânico aeronave eletricista instalação aeronaves mecânico manutenção aeronave
CNCT_203,CNCT,Técnico em Suprimento,técnico suprimento técnico suprimento habilitar efetuar inventário controle estoque auxiliar procedimento requisição controle distribuição publicação técnico auxiliar procedimento recebimento entrega documentação aeronave realizar procedimento catalogação previsão requisição procura aquisição recebimento armazenagem fornecimento expedição transferência descarga alienação controle suprimento implementar procedimento qualidade segurança higiene trabalho controle suprimento manutenção aeronave local ambiente trabalho militar ativo exclusivamente organização militar aeronáutica militar reserva outro profissional empresa logística público privar curso prever sugestão qualificação profissional certificação intermediário curso técnico considerar ocupação prever cbo curso prever sugestão formação continuar curso especialização técnico póstécnico sugestão verticalização curso graduação curso alto tecnologia bacharelar licenciaturar curso alto tecnologia gestão produção industrial curso alto tecnologia logística bacharelar administração bacharelar engenharia produção controlador entrada saída
CNCT_204,CNCT,Técnico em Comunicações Navais,técnico comunicação naval técnico comunicação naval habilitar operar equipamento comunicação transmissão recepção organização militar terra navio submarino aplicar norma procedimento telecomunicação marinha Brasil confeccionar mensagem administrativo operativo âmbito naval local ambiente trabalho militar ativo exclusivamente organização militar marinha Brasil militar reserva empresa telecomunicação infraestrutura portuário público privado empresa telefonia móvel fixo plataforma marítimo empresa prestação serviço assistência técnico curso prever possibilidade qualificação profissional certificação intermediário curso técnico considerar ocupação prever cbo curso prever possibilidade formação continuar curso especialização técnico póstécnico curso prever possibilidade verticalização curso graduação curso alto tecnologia bacharelar licenciatura âmbito marinho ocupação ainda classificar
CNCT_205,CNCT,Técnico em Controle de Tráfego Aéreo,técnico controle tráfego aéreo técnico controle tráfego aéreo habilitar acordo cada força realizar controle tráfego aeronave civil militar voo solo meio sistema radar radar atuar defesa aeroespacial Brasil controlar aeronave pouso decolagem efetuar manobra pista meio contato visual radar órgão controle localizar aeroporto portaavião realizar comunicação piloto meio frequência rádio controlar aeronave zona controle aproximação navio plataforma voo local ambiente trabalho militar ativo exclusivamente organização militar marinha Brasil aeronáutica militar reserva aeródromos aeroporto empresa plataforma voo curso prever sugestão qualificação profissional certificação intermediário curso técnico considerar ocupação prever cbo sugestão formação continuar curso especialização técnico póstécnico especialização técnico formação instrutor especialização técnico supervisor chefe sala órgão controle especialização técnico instrutor prático operacional especialização técnico supervisor equipe especialização técnico prática operacional especialização técnico sistema anticolisão bordo aca especialização técnico prática Real controle tráfego aéreo militar especialização técnico gerenciamento fluxo fmc sugestão verticalização curso graduação curso alto tecnologia bacharelar licenciatura ambiente externo marinhar curso alto tecnologia gerenciamento tráfego aéreo bacharelar ciência aeronáutico controlador tráfego aéreo
CNCT_206,CNCT,Técnico em Estrutura e Pintura de Aeronaves,técnico estrutura pintura aeronave técnico estrutura pintura aeronave habilitar acordo cada força executar serviço estrutura pintura manipulação plástico material metálico aeronave componente moldar confeccionar gabarito fabricar peça metálico plástico similar reparar peça aeronave realizar reparo construção material compósito realizar ensaio destrutivo controle combate corrosão aplicação selante local ambiente trabalho militar ativo exclusivamente organização militar aeronáutica militar reserva empresa aéreo oficina manutenção aeronáutico indústria produto aeronáutico montadora aeronave escola centro instrução aviação empresa prestar serviço aéreo especializados aviação offshore agrícola outro curso prever sugestão qualificação profissional certificação intermediário curso técnico considerar ocupação prever cbo sugestão formação continuar curso especialização técnico póstécnico especialização técnico mantenedor especialização técnico inspetor especialização técnico ensaio destrutivo sugestão verticalização curso graduação curso alto tecnologia bacharelar licenciaturar curso alto tecnologia manutenção aeronave bacharelar engenharia aeronáutico chapeador aeronave montador estrutura aeronave
CNCT_207,CNCT,Técnico em Hidrografia,técnico hidrografia técnico hidrografia habilitar coletar dado meteorológico maregráfico oceanográfico hidrográfico geológico meio operação equipamento específico interpretar boletim meteorológico confeccionar carta náutico oceânico via navegável interior sob supervisão profissional pertinente efetuar medição campo execução método topográficoaltimétrico realizar cálculo topográfico identificar astro elemento determinar posição esfera celeste determinar posição navio meio método específico orientar equipe tarefa medição ângulo observação cálculo maré operar sistema geoprocessamento local ambiente trabalho militar ativo exclusivamente organização militar marinha Brasil militar reserva administração portuário empresa construção consultor realizer trabalho hidráulica marítimo fluvial empresa construção civil empresa navegação mercante pesca curso prever possibilidade qualificação profissional certificação intermediário curso técnico considerar ocupação prever cbo curso prever possibilidade formação continuar curso especialização técnico póstécnico curso prever possibilidade verticalização curso graduação curso alto tecnologia bacharelar licenciatura âmbito marinha técnico hidrografia
CNCT_208,CNCT,Técnico em Manobras e Equipamentos de Convés,técnico manobra equipamento convés técnico manobra equipamento convés habilitar preparar navio procedimento manobra marinheiro distribuir aparelho força manobra peso carga descarga navio coordenar equipe trabalho convés navio navegar instrumento navio embarcação porte médio acordo norma navegação internacional executar manutenção equipamento convés serviço pintura trabalho cabo fibra especial arame organizar paiói local ambiente trabalho militar ativo exclusivamente marinha Brasil militar reserva estaleiro empresa navegação empresa apoio portuáriodrenagem empresa estivagem empresa prestação serviço área turismo transporte lazer curso prever possibilidade qualificação profissional certificação intermediário curso técnico considerar ocupação prever cbo curso prever possibilidade formação continuar curso especialização técnico póstécnico curso prever possibilidade verticalização curso graduação curso alto tecnologia bacharelar licenciatura âmbito marinho ocupação ainda classificar
CNCT_209,CNCT,Técnico em Material Bélico,técnico material bélico técnico material bélico habilitar acordo cada força executar procedimento técnico prestar suporte compor equipe multidisciplinar direcionar diversos tecnologia equipamento área bélico empregar meio militar executar serviço tripulante operacional metralhador aeronave manutenção pesquisa avaria reparo aferição equipamento bélico executar serviço artilheiro bordo aeronave manutenção pesquisa avaria reparo aferição equipamento bélico realizar instalação assento ejetável fab armar desarmar aeronave identificar prevenir corrosão item bélico realizar harmonização sistema tiro inventariar sistema lançamento carga aeronave combate armazenar manejar item bélico ativo controlandoosr meio sistema informatizar local ambiente trabalho militar ativo exclusivamente organização militar marinha Brasil aeronáutica militar reserva indústria material bélico curso prever sugestão qualificação profissional certificação intermediário curso técnico considerar ocupação prever cbo sugestão formação continuar curso especialização técnico póstécnico especialização técnico manipulação material demolição especialização técnico neutralização destruição artefato explosivo especialização técnico atualização mantenedor material bélico especialização técnico inspetor material bélico especialização manutenção assento ejetável aeronave combate especialização aeronave combate asa fixo asa rotativo sugestão verticalização curso graduação curso alto tecnologia bacharelar licenciatura ambiente externo marinhar curso alto tecnologia sistema arma encarregar manutenção elétrico veículo mecânico manutenção automóvel motocicleta veículo similar mecânico veículo automotor diesel exceto trator encarregar manutenção elétrico veículo
CNCT_210,CNCT,Técnico em Mergulho,técnico mergulho técnico mergulho habilitar executar técnica mergulho supervisionar utilização câmara recompressão inspecionar obra vivo navio executar manutenção planejado equipamento mergulho operar equipamento fotografia filmagem submarino utilizar equipamento corte solda submarina realizar navegação costeira estimar executar atividade socorro salvamentar participar resgate submarino manipular carga explosivo submersas operar sistema complexo hiperbárico instalação mergulho planejar consumo gase demais consumível utilizar mergulho profur local ambiente trabalho militar ativo exclusivamente organização militar marinha Brasil militar reserva plataforma petróleo estaleiro navio mergulho empresa offshore curso prever possibilidade qualificação profissional certificação intermediário curso técnico considerar ocupação prever cbo curso prever possibilidade formação continuar curso especialização técnico póstécnico curso prever possibilidade verticalização curso graduação curso alto tecnologia bacharelar licenciatura âmbito marinho ocupação ainda classificar
CNCT_211,CNCT,Técnico em Operação de Radar,técnico operação radar técnico operação radar habilitar operar sistema radar determinar posição navio carta náutico método navegação utilizar equipamento ecobatímetro radiogoniômetro agulhar magnético agulha giroscópico facsimile meteorológico executar correção carta náutico publicação auxílio navegação operar equipamento comunicação navio mar empregar regra internacional navegação vista prevenção acidente utilizar procedimento controle avaria suporte básico vida local ambiente trabalho militar ativo exclusivamente organização militar marinha Brasil militar reserva empresa navegação plataforma continental curso prever possibilidade qualificação profissional certificação intermediário curso técnico considerar ocupação prever cbo curso prever possibilidade formação continuar curso especialização técnico póstécnico curso prever possibilidade verticalização curso graduação curso alto tecnologia bacharelar licenciatura âmbito marinho ocupação ainda classificar
CNCT_212,CNCT,Técnico em Operação de Sonar,técnico operação sonar técnico operação sonar habilitar operar sistema sonar dispositivo localização objeto imerso submerso operar equipamento comunicação navio navio submarino mar empregar procedimento controle avaria suporte básico vida local ambiente trabalho militar ativo exclusivamente organização militar marinha Brasil militar reserva empresa navegação plataforma continental curso prever possibilidade qualificação profissional certificação intermediário curso técnico considerar ocupação prever cbo curso prever possibilidade formação continuar curso especialização técnico póstécnico curso prever possibilidade verticalização curso graduação curso alto tecnologia bacharelar licenciatura âmbito marinho ocupação ainda classificar
CNCT_213,CNCT,Técnico em Operações de Engenharia Militar,técnico operação engenharia militar técnico operação engenharia militar habilitar atuar planejamento execução implantação estrada campanha considerar norma técnico segurança executar ponte bueiro fiscalizar manter via terrestre campanha utilizar equipamento engenharia confeccionar croquis área operação militar executar atividade terraplanagem realizar transposição curso água remover neutralizar destruir mina munição falhar acordo norma técnico segurança realizar tratamento purificação água local ambiente trabalho militar ativo exclusivamente organização militar marinha Brasil militar reserva empresa construção manutenção via terrestre demolição órgão fiscalização manutenção estrada curso prever possibilidade qualificação profissional certificação intermediário curso técnico considerar ocupação prever cbo curso prever possibilidade formação continuar curso especialização técnico póstécnico curso prever possibilidade verticalização curso graduação curso alto tecnologia bacharelar licenciatura âmbito marinho ocupação ainda classificar
CNCT_214,CNCT,Técnico em Preparação Física e Desportiva Militar,técnico preparação físico desportivo militar técnico preparação físico habilitar aplicar atividade esportiva dentro contexto anatomocinesiológico contrarresistência musculação executar teste avaliação físico aplicar treinamento físico militar realizar preparação físico técnico tático equipe desportivo atletismo futebol futsal basquetebol voleibol natação tênis quadra corrida orientação preparar atleta pentatlo naval militar triatlo remo vela escaler organizar campeonato evento esportivo local ambiente trabalho militar ativo exclusivamente organização militar marinha Brasil curso prever possibilidade qualificação profissional certificação intermediário curso técnico considerar ocupação prever cbo curso prever possibilidade formação continuar curso especialização técnico póstécnico curso prever possibilidade verticalização curso graduação curso alto tecnologia bacharelar licenciatura âmbito marinho ocupação ainda classificar
CNCT_215,CNCT,Técnico em Sensores de Aviação,técnico sensor aviação técnico sensor aviação habilitar analisar detectar ruído irradiado presente ambiente orientar aeronave utilizar estratégia militar envolver submarino supervisionar atividade segurança aviação aplicar tático defesa empregar submarino interpretar perfil batitermográfico local emprego sonar controlar serviço manutenção aeronave equipamento fab operar óculos visão noturno aeronave local ambiente trabalho militar ativo exclusivamente organização militar marinha Brasil militar reserva empresa mineração marinho busca salvamento navio plataforma voo curso prever possibilidade qualificação profissional certificação intermediário curso técnico considerar ocupação prever cbo curso prever possibilidade formação continuar curso especialização técnico póstécnico curso prever possibilidade verticalização curso graduação curso alto tecnologia bacharelar licenciatura âmbito marinho ocupação ainda classificar
CNCT_216,CNCT,Técnico em Sinais Navais,técnico sinal naval técnico sinal naval habilitar operar manter equipamento comunicação visual transmitir receber mensagem canal meio ótico identificar luz marca sinal luminoso convencionar regulamento internacional evitar abalroamento mar ripeam extrair dado equipamento navegação necessário plotagem posição navio carta náutico realizar leitura codificação decodificação registro elemento observação meteorológico local ambiente trabalho militar ativo exclusivamente organização militar marinha Brasil militar reserva navio mercante plataforma heliporto aeroporto posto sinal estação rádio fixa móvel instituto monitoramento previsão meteorológico climatológico curso prever possibilidade qualificação profissional certificação intermediário curso técnico considerar ocupação prever cbo curso prever possibilidade formação continuar curso especialização técnico póstécnico curso prever possibilidade verticalização curso graduação curso alto tecnologia bacharelar licenciatura âmbito marinho ocupação ainda classificar
CNCT_217,CNCT,Técnico em Sinalização Náutica,técnico sinalização náutico técnico sinalização náutico habilitar selecionar configurar instalar operar reparar equipamento sinalização náutico propor analisar projeto implantação alteração cancelamento balizamento executar tarefa manutenção planejar posicionar sinal flutuante fixo água jurisdicional brasileiro orientação navegante operar equipamento medição ângulo distância bem transportar coordenada geográfico sinal náutico auxiliar coleta codificação dado meteorológico administrar atuação utilização lancha balizadora local ambiente trabalho militar ativo exclusivamente organização militar marinha Brasil militar reserva navio faroleiro balizador lancha balizadora empresa petrolífero empresa levantamento topográfico empresa autorizar operar balizamento curso prever possibilidade qualificação profissional certificação intermediário curso técnico considerar ocupação prever cbo curso prever possibilidade formação continuar curso especialização técnico póstécnico curso prever possibilidade verticalização curso graduação curso alto tecnologia bacharelar licenciatura âmbito marinho ocupação ainda classificar
